Year,TTI,PTI,BTI,Peak,Severity,Variability
2020,1.122058681,1.526855947,0.003253208,am,1.324457314,1.360763008
2020,1.122058681,1.526855947,0.003253208,am,1.324457314,1.360763008
2020,1.132093087,1.717070441,0.00547236,am,1.424581764,1.516721956
2020,1.122058681,1.526855947,0.003253208,am,1.324457314,1.360763008
2020,1.127075884,1.621963194,0.004362784,am,1.374519539,1.439089609
2020,1.141780126,1.396914666,0.003773254,am,1.269347396,1.223453303
2020,1.141780126,1.396914666,0.003773254,am,1.269347396,1.223453303
2020,1.122058681,1.526855947,0.003253208,am,1.324457314,1.360763008
2020,1.122058681,1.526855947,0.003253208,am,1.324457314,1.360763008
2020,1.136936606,1.556992553,0.004622807,am,1.34696458,1.369462945
2020,1.132093087,1.717070441,0.00547236,am,1.424581764,1.516721956
2020,1.132093087,1.717070441,0.00547236,am,1.424581764,1.516721956
2020,1.132093087,1.717070441,0.00547236,am,1.424581764,1.516721956
2020,1.153728241,1.596781348,0.242772699,am,1.375254795,1.384018604
2020,1.144088352,1.585562828,0.101937038,am,1.36482559,1.385874461
2020,1.167690176,1.605068646,0.010362052,am,1.386379411,1.374567225
2020,1.167690176,1.605068646,0.010362052,am,1.386379411,1.374567225
2020,1.224493165,1.793295863,0.08771386,am,1.508894514,1.464520925
2020,1.306316174,2.049288061,0.074818841,am,1.677802118,1.568753494
2020,1.198098776,1.768560892,0.603757314,am,1.483329834,1.47613947
2020,1.194044202,2.566182978,0.105881338,am,1.88011359,2.149152413
2020,1.106582217,2.858433712,0.107716653,am,1.982507964,2.583119147
2020,1.201448046,2.513861634,0.122902871,am,1.85765484,2.092359833
2020,1.229559267,3.117227259,0.125592448,am,2.173393263,2.535239531
2020,1.068219105,1.189838556,0.148564527,am,1.129028831,1.113852533
2020,1.15061349,2.366606807,0.287806532,am,1.758610148,2.056821712
2020,1.070954384,2.724907255,0.258514404,am,1.89793082,2.544372846
2020,1.622905156,2.350496562,0.111060914,am,1.986700859,1.448326511
2020,1.411209748,2.100771003,0.015485727,am,1.755990376,1.488631301
2020,1.411209748,2.100771003,0.015485727,am,1.755990376,1.488631301
2020,1.473917239,2.165093858,0.074145175,am,1.819505548,1.468938554
2020,1.411209748,2.100771003,0.015485727,am,1.755990376,1.488631301
2020,1.59933222,2.293739566,0.191464071,am,1.946535893,1.434185804
2020,1.560530008,2.959118128,0.338425058,am,2.259824068,1.896226355
2020,1.466490352,2.341997544,0.033584405,am,1.904243948,1.597008491
2020,1.508201275,2.252958178,0.030299029,am,1.880579726,1.493804716
2020,1.508201275,2.252958178,0.030299029,am,1.880579726,1.493804716
2020,1.532386597,2.344472749,0.058604559,am,1.938429673,1.529948613
2020,1.55657192,2.43598732,0.086910089,am,1.99627962,1.564969334
2020,1.327729664,2.460559878,0.190552577,am,1.894144771,1.853208484
2020,1.55657192,2.43598732,0.086910089,am,1.99627962,1.564969334
2020,1.477202183,2.540336741,0.044704057,am,2.008769462,1.719694684
2020,1.52549343,2.569788487,0.112283021,am,2.047640958,1.684562147
2020,1.42477943,2.431036911,0.03686978,am,1.92790817,1.706254919
2020,1.42477943,2.431036911,0.03686978,am,1.92790817,1.706254919
2020,1.354781997,2.211380684,0.025918667,am,1.783081341,1.632277879
2020,1.354781997,2.211380684,0.025918667,am,1.783081341,1.632277879
2020,1.354781997,2.211380684,0.025918667,am,1.783081341,1.632277879
2020,1.455183943,2.595581751,0.057433046,am,2.025382847,1.783679489
2020,1.482903489,2.510172497,0.050855553,am,1.996537993,1.692741649
2020,1.319139365,2.409754885,0.034267578,am,1.864447125,1.826762925
2020,1.373698941,2.13137123,0.191100405,am,1.752535085,1.551556288
2020,1.314782343,2.12256631,0.132167572,am,1.718674327,1.614386078
2020,1.359539117,2.163477549,0.301371606,am,1.761508333,1.591331594
2020,1.446953975,2.368830772,0.061440013,am,1.907892374,1.637115494
2020,1.545526368,2.428797156,0.047971502,am,1.987161762,1.571501597
2020,1.350473265,2.459066259,0.244355882,am,1.904769762,1.820892218
2020,1.47497355,2.34761123,0.110358667,am,1.91129239,1.591629376
2020,1.649904671,2.444232602,0.058251492,am,2.047068637,1.481438683
2020,1.24921377,2.095013486,0.164049834,am,1.672113628,1.677065637
2020,1.104377939,1.697636832,0.123952844,am,1.401007386,1.537188286
2020,1.088661717,1.728081125,0.232310412,am,1.408371421,1.587344442
2020,1.108529505,1.806468295,0.048788734,am,1.4574989,1.62960777
2020,1.108529505,1.806468295,0.048788734,am,1.4574989,1.62960777
2020,1.105302212,1.630103218,0.069490285,am,1.367702715,1.474803181
2020,1.375105396,1.833473862,0.019324134,am,1.604289629,1.333333333
2020,1.154210505,1.953779459,0.461587019,am,1.553994982,1.692741013
2020,1.472749949,2.189184699,0.24619711,am,1.830967324,1.48646055
2020,1.316985553,1.909371956,0.024457556,am,1.613178755,1.449804785
2020,1.347022032,1.947903979,0.025518121,am,1.647463006,1.446081751
2020,1.305103291,1.861622244,0.023128938,am,1.583362768,1.426417554
2020,1.501364468,2.296932699,0.178269397,am,1.899148584,1.529896802
2020,1.429523403,2.293987642,0.179509888,am,1.861755522,1.604721991
2020,1.580697013,2.440072668,0.180665241,am,2.010384841,1.543668804
2020,1.317152807,1.941318899,0.022764386,am,1.629235853,1.473875232
2020,1.460921441,2.496491014,0.199285372,am,1.978706227,1.708846857
2020,1.299109283,1.792831833,0.01407084,am,1.545970558,1.380046973
2020,1.715091678,3.000705219,0.211615319,am,2.357898449,1.749588816
2020,1.486690676,2.126498806,0.052572389,am,1.806594741,1.430357263
2020,1.317152807,1.941318899,0.022764386,am,1.629235853,1.473875232
2020,1.299109283,1.792831833,0.01407084,am,1.545970558,1.380046973
2020,1.235788532,1.632916532,0.014670182,am,1.434352532,1.321355953
2020,1.409874412,2.225403257,0.289926628,am,1.817638834,1.578440774
2020,1.454912465,2.178576764,0.022404057,am,1.816744615,1.497393703
2020,1.23744336,1.591240415,0.013865811,am,1.414341887,1.285909696
2020,1.400579067,2.133277442,0.029347302,am,1.766928254,1.523139602
2020,1.838822922,2.922895383,0.19775636,am,2.380859153,1.589546958
2020,1.415125497,2.206607052,0.036110382,am,1.810866274,1.559301317
2020,1.39062854,2.073389467,0.218537148,am,1.732009004,1.490972901
2020,1.448928871,2.09683057,0.239535764,am,1.77287972,1.447159078
2020,1.415512129,2.222567639,0.349043983,am,1.819039884,1.570150897
2020,1.329769647,2.141750048,0.168005111,am,1.735759847,1.610617338
2020,1.278241032,1.905949177,0.195439049,am,1.592095105,1.491071816
2020,1.526511338,2.286884376,0.232876419,am,1.906697857,1.498111622
2020,1.402333366,2.282573059,0.052390843,am,1.842453213,1.627696463
2020,1.477025222,2.360138434,0.126856001,am,1.918581828,1.597899886
2020,1.388085106,2.5,0.177304965,am,1.944042553,1.801042305
2020,1.56928151,2.441638101,0.30696779,am,2.005459806,1.55589554
2020,1.45209712,2.226914166,0.122273308,am,1.839505643,1.533584865
2020,1.644048251,2.75808232,0.380729044,am,2.201065286,1.677616407
2020,1.113928447,1.361635985,0.047295449,am,1.237782216,1.222372934
2020,1.219991727,2.540834981,0.391468718,am,1.880413354,2.082665747
2020,1.159824996,2.013317357,0.081873128,am,1.586571176,1.735880296
2020,1.218825571,2.05883354,0.003796475,am,1.638829555,1.689194574
2020,1.143487951,2.04451482,0.071174358,am,1.594001386,1.787963588
2020,1.11364612,1.345452487,0.042626437,am,1.229549303,1.208150833
2020,1.154157378,2.242598231,0.078224184,am,1.698377804,1.943061037
2020,1.42924237,2.18672177,0.050211016,am,1.80798207,1.529986667
2020,1.402394299,2.464096332,0.142302342,am,1.933245315,1.757063855
2020,1.383792817,2.22393074,0.182724344,am,1.803861779,1.607126957
2020,1.354124889,2.02188752,0.152559268,am,1.688006205,1.493132234
2020,1.438809375,2.401477609,0.038950253,am,1.920143492,1.669072811
2020,1.396854002,2.074062586,0.115967262,am,1.735458294,1.484809854
2020,1.251363731,1.973982302,0.124990944,am,1.612673016,1.577464852
2020,1.531065667,2.494515375,0.029016742,am,2.012790521,1.629267398
2020,1.438243826,2.484230055,0.218850738,am,1.96123694,1.727266274
2020,1.323327169,2.171523813,0.112317419,am,1.747425491,1.640957629
2020,1.336719838,2.239473284,0.1649954,am,1.788096561,1.675349778
2020,1.565509363,3.095781888,0.061317304,am,2.330645625,1.977491775
2020,1.398576889,2.477602945,0.189410105,am,1.938089917,1.771517151
2020,1.359788754,2.05585807,0.199099084,am,1.707823412,1.511895185
2020,1.69333852,2.732979938,0.198415455,am,2.213159229,1.613959587
2020,1.480003859,2.394272061,0.044633678,am,1.93713796,1.617747174
2020,1.372161807,1.977210855,0.114017897,am,1.674686331,1.440945845
2020,1.385281216,2.285822543,0.201636998,am,1.835551879,1.65007835
2020,1.536206666,3.126625918,0.058034521,am,2.331416292,2.035289904
2020,1.16452514,3.590363128,0.250723682,am,2.377444134,3.083113456
2020,1.469111304,2.730214891,0.178515338,am,2.099663097,1.858412554
2020,1.295866434,2.203009411,0.09167654,am,1.749437923,1.700028146
2020,1.111529628,2.28487502,0.136522443,am,1.698202324,2.05561324
2020,1.289208941,2.112880659,0.213015624,am,1.7010448,1.638896994
2020,1.170562561,1.48032057,0.036428306,am,1.325441566,1.264623198
2020,1.224538448,1.605430031,0.102872866,am,1.41498424,1.3110491
2020,1.368880466,2.198014774,0.036609787,am,1.78344762,1.605702491
2020,1.334595104,1.928625235,0.018160313,am,1.631610169,1.445101387
2020,1.114148935,1.316823515,0.016088111,am,1.215486225,1.181909773
2020,1.058551912,1.185173103,0.061091588,am,1.121862507,1.119617366
2020,1.059099972,1.312448451,0.07258152,am,1.185774212,1.239211109
2020,1.072024367,1.47197438,0.05519962,am,1.271999373,1.373079219
2020,1.04768623,1.108436795,0.031276433,am,1.078061512,1.057985457
2020,1.074394124,1.179163453,0.003605829,am,1.126778789,1.097514802
2020,1.236319062,2.273861624,0.109419186,am,1.755090343,1.839219093
2020,1.066853868,1.331852806,0.036542367,am,1.199353337,1.248392911
2020,1.236256087,1.68453287,0.076980153,am,1.460394478,1.362608352
2020,1.666834915,2.861427656,0.309664895,am,2.264131286,1.716683296
2020,1.862497647,3.438527262,0.241347574,am,2.650512454,1.846191467
2020,1.298412976,1.792944516,0.030779689,am,1.545678746,1.380873843
2020,1.35975767,2.046733036,0.054977122,am,1.703245353,1.505218967
2020,1.624420509,3.124760757,0.73778022,am,2.374590633,1.923615677
2020,1.359897735,2.08226473,0.120942903,am,1.721081232,1.531192145
2020,1.511211584,2.644284208,0.235676167,am,2.077747896,1.74977762
2020,1.215533083,1.715862744,0.101031261,am,1.465697914,1.411613364
2020,1.536698352,2.897804724,0.062753166,am,2.217251538,1.885734256
2020,1.093199211,1.256125903,0.227249841,am,1.174662557,1.149036599
2020,1.071601194,1.233373553,0.043144387,am,1.152487373,1.150963213
2020,1.074802168,1.208673512,0.11090931,am,1.14173784,1.124554405
2020,1.082365364,1.752217529,0.092514125,am,1.417291447,1.618878049
2020,1.069704365,1.180689355,0.075754585,am,1.12519686,1.103752956
2020,1.063947282,1.184962554,0.072940003,am,1.124454918,1.113741794
2020,1.145698386,1.456368873,0.071301716,am,1.30103363,1.271162543
2020,1.233736065,1.708589822,0.031868173,am,1.471162943,1.384890878
2020,1.059736541,1.335337664,0.009726716,am,1.197537102,1.260065698
2020,1.035951327,1.100158028,0.008692778,am,1.068054678,1.061978491
2020,1.035951327,1.100158028,0.008692778,am,1.068054678,1.061978491
2020,1.219139275,1.744640822,0.016629499,am,1.481890049,1.431043078
2020,1.223349626,1.820267282,0.137804658,am,1.521808454,1.487937089
2020,1.130556749,1.482490585,0.011047776,am,1.306523667,1.3112925
2020,1.067992986,1.384136633,0.03228168,am,1.226064809,1.296016595
2020,1.319486699,2.143495375,0.016411372,am,1.731491037,1.62449184
2020,1.306217701,2.109942162,0.02552522,am,1.708079931,1.615306668
2020,1.137969883,1.647897938,0.029034691,am,1.392933911,1.448103296
2020,1.118601768,1.488577371,0.01190719,am,1.303589569,1.330748273
2020,1.386639147,2.214497042,0.031496383,am,1.800568095,1.597024753
2020,1.388531012,2.515394929,0.020874622,am,1.951962971,1.811551133
2020,1.293418464,2.148371682,0.017253919,am,1.720895073,1.661002794
2020,1.322009532,2.059003993,0.016841992,am,1.690506762,1.557480444
2020,1.322009532,2.059003993,0.016841992,am,1.690506762,1.557480444
2020,1.388531012,2.515394929,0.020874622,am,1.951962971,1.811551133
2020,1.375759849,2.260338017,0.018820996,am,1.818048933,1.642974258
2020,1.370424421,2.026501664,0.016638123,am,1.698463043,1.478740187
2020,1.350600601,1.969636303,0.016430066,am,1.660118452,1.458341054
2020,1.370930385,2.319328348,0.019479269,am,1.845129366,1.691791482
2020,1.362988686,2.005281105,0.016767371,am,1.684134896,1.471238262
2020,1.339798612,2.052977964,0.016929554,am,1.696388288,1.532303397
2020,1.350600601,1.969636303,0.016430066,am,1.660118452,1.458341054
2020,1.350600601,1.969636303,0.016430066,am,1.660118452,1.458341054
2020,1.388531012,2.515394929,0.020874622,am,1.951962971,1.811551133
2020,1.49995277,2.325740054,0.224533515,am,1.912846412,1.55054219
2020,1.230884604,1.667633136,0.17284069,am,1.44925887,1.354824921
2020,1.118754055,1.424119703,0.033506402,am,1.271436879,1.272951546
2020,1.112427305,1.366061018,0.021040108,am,1.239244162,1.228000258
2020,1.551800367,2.625160661,0.229582335,am,2.088480514,1.691687099
2020,1.042985258,1.614879786,0.007388621,am,1.328932522,1.548324651
2020,1.188226015,1.746456968,0.010381598,am,1.467341491,1.469801996
2020,1.188226015,1.746456968,0.010381598,am,1.467341491,1.469801996
2020,1.495879078,2.558773135,0.514309883,am,2.027326107,1.710548113
2020,1.373316721,2.31417245,0.828189511,am,1.843744586,1.685097411
2020,1.252885098,2.273915325,0.656847993,am,1.763400212,1.814943228
2020,1.047468252,1.370132953,0.032850136,am,1.208800603,1.308042465
2020,1.252209719,2.064596808,0.067985226,am,1.658403264,1.648762804
2020,1.244752279,1.637000446,0.060711683,am,1.440876362,1.315121469
2020,1.180979392,1.46513773,0.099916812,am,1.323058561,1.240612444
2020,1.056200925,1.133278875,0.051022276,am,1.0947399,1.072976597
2020,1.474827155,2.606079997,0.008280424,am,2.040453576,1.767040964
2020,1.474827155,2.606079997,0.008280424,am,2.040453576,1.767040964
2020,1.14630226,1.961662549,0.178268815,am,1.553982404,1.711296067
2020,1.474827155,2.606079997,0.008280424,am,2.040453576,1.767040964
2020,1.167543714,1.849029909,0.025446617,am,1.508286812,1.583692231
2020,1.474827155,2.606079997,0.008280424,am,2.040453576,1.767040964
2020,1.188226015,1.746456968,0.010381598,am,1.467341491,1.469801996
2020,1.285358402,1.894667444,0.042122025,am,1.590012923,1.474038245
2020,1.157665688,2.275159136,0.195409767,am,1.716412412,1.965298929
2020,1.173013972,3.485644637,0.078364129,am,2.329329304,2.971528661
2020,1.198666724,4.33538723,0.074777644,am,2.767026977,3.61684123
2020,1.648634146,8.458658537,0.103154372,am,5.053646341,5.130706867
2020,1.287388257,1.972607412,0.008428341,am,1.629997835,1.532255247
2020,1.679739388,2.538200631,0.507228209,am,2.10897001,1.511068115
2020,1.372160337,2.230575321,0.541736857,am,1.801367829,1.625593789
2020,1.53734726,2.36974644,0.495180415,am,1.95354685,1.54145163
2020,1.257398564,4.154632559,0.08240726,am,2.706015562,3.304149279
2020,1.282982972,2.487218215,0.107132801,am,1.885100593,1.938621377
2020,1.053158585,3.918564875,0.051357338,am,2.48586173,3.720773807
2020,1.07358729,1.197615794,0.019583437,am,1.135601542,1.115527173
2020,1.475184268,2.476896608,1.255676248,am,1.976040438,1.679042179
2020,1.045647086,1.130909625,0.007681308,am,1.088278355,1.081540455
2020,1.166734091,1.826041315,0.010291491,am,1.496387703,1.56508782
2020,1.106190588,1.47847547,0.008986399,am,1.292333029,1.336546781
2020,1.285759235,2.188789448,0.932031062,am,1.737274342,1.702332278
2020,1.4437006,2.434039465,1.403761928,am,1.938870033,1.685972469
2020,1.329200503,1.96265489,0.015796995,am,1.645927696,1.476567972
2020,1.104517967,1.50262972,0.155057629,am,1.303573843,1.360439363
2020,1.063408805,1.158772429,0.036832507,am,1.111090617,1.089677294
2020,1.072975878,1.185990758,0.030331518,am,1.129483318,1.105328444
2020,1.063307315,1.167338464,0.02277303,am,1.11532289,1.097837329
2020,1.055646981,1.260347484,0.050204865,am,1.157997232,1.193909997
2020,1.158944986,1.619797258,0.00763322,am,1.389371122,1.3976481
2020,1.035800604,1.08141994,0.016335649,am,1.058610272,1.044042584
2020,1.289992471,2.912883988,0.100992392,am,2.10143823,2.258062781
2020,1.493523014,2.523764504,0.04414358,am,2.008643759,1.689806237
2020,1.173632855,1.56977281,0.014011699,am,1.371702832,1.337533116
2020,1.173632855,1.56977281,0.014011699,am,1.371702832,1.337533116
2020,1.173632855,1.56977281,0.014011699,am,1.371702832,1.337533116
2020,1.421358072,2.456625735,1.243748153,am,1.938991904,1.728365134
2020,1.287388257,1.972607412,0.008428341,am,1.629997835,1.532255247
2020,1.203470511,1.6700421,0.018347209,am,1.436756305,1.387688428
2020,1.052575881,1.155767714,0.015353626,am,1.104171797,1.098037429
2020,1.662310208,3.355322759,0.403572701,am,2.508816484,2.018469684
2020,1.329200503,1.96265489,0.015796995,am,1.645927696,1.476567972
2020,1.329200503,1.96265489,0.015796995,am,1.645927696,1.476567972
2020,1.329200503,1.96265489,0.015796995,am,1.645927696,1.476567972
2020,1.044479594,2.499992408,0.033846493,am,1.772236001,2.3935292
2020,1.455228861,2.645082338,0.211173882,am,2.050155599,1.817640104
2020,1.189960176,2.831118599,0.080305932,am,2.010539388,2.37917088
2020,1.19311673,3.634640495,0.050557805,am,2.413878612,3.04634107
2020,1.395810948,2.29463254,0.171808247,am,1.845221744,1.643942214
2020,1.354515331,2.071150055,0.171990606,am,1.712832693,1.529070959
2020,1.181858017,1.527224144,0.18145177,am,1.35454108,1.292223027
2020,1.272772082,1.869052333,0.089500279,am,1.570912208,1.468489418
2020,1.260305115,1.767252314,0.012290186,am,1.513778715,1.402241642
2020,1.431642731,2.135417446,0.010000273,am,1.783530088,1.491585435
2020,1.431642731,2.135417446,0.010000273,am,1.783530088,1.491585435
2020,1.373328976,2.086447218,0.438541767,am,1.729888097,1.519262503
2020,1.518744049,2.469139883,0.125433053,am,1.993941966,1.625777487
2020,1.409541072,2.291590524,0.099642158,am,1.850565798,1.625770664
2020,1.157236473,1.610657971,0.006063649,am,1.383947222,1.39181404
2020,1.170130653,1.67830556,0.008577051,am,1.424218106,1.434289031
2020,1.170130653,1.67830556,0.008577051,am,1.424218106,1.434289031
2020,1.170130653,1.67830556,0.008577051,am,1.424218106,1.434289031
2020,1.167891161,1.566400598,0.010750982,am,1.367145879,1.341221383
2020,1.167891161,1.566400598,0.010750982,am,1.367145879,1.341221383
2020,1.169562458,1.486252191,0.00839935,am,1.327907324,1.270776247
2020,1.173473247,1.518008747,0.003873785,am,1.345740997,1.2936032
2020,1.173473247,1.518008747,0.003873785,am,1.345740997,1.2936032
2020,1.173473247,1.518008747,0.003873785,am,1.345740997,1.2936032
2020,1.445047443,3.532805021,0.016640784,am,2.488926232,2.444767497
2020,1.28880565,2.649936227,0.012731394,am,1.969370939,2.056117792
2020,1.220796083,2.133225291,0.012388495,am,1.677010687,1.747405091
2020,1.197134665,1.825617019,0.00813114,am,1.511375842,1.524988852
2020,1.220796083,2.133225291,0.012388495,am,1.677010687,1.747405091
2020,1.198194822,1.989279297,0.38443166,am,1.59373706,1.660230257
2020,1.207046569,2.123956176,0.417282351,am,1.665501372,1.75963068
2020,1.132000488,1.567326367,0.002065053,am,1.349663428,1.384563331
2020,1.139725708,1.669573213,0.002601578,am,1.404649461,1.464890369
2020,1.132000488,1.567326367,0.002065053,am,1.349663428,1.384563331
2020,1.141750261,1.731410451,0.005162924,am,1.436580356,1.516452862
2020,1.141750261,1.731410451,0.005162924,am,1.436580356,1.516452862
2020,1.136545588,1.601773445,0.009915722,am,1.369159517,1.409334973
2020,1.136049595,1.691000843,0.007187744,am,1.413525219,1.488492096
2020,1.137041581,1.512546048,0.0126437,am,1.324793814,1.330246908
2020,1.142919996,1.6460795,0.007232973,am,1.394499748,1.440240355
2020,1.145078666,1.714300002,0.002000598,am,1.429689334,1.497102386
2020,1.174431766,1.605958663,0.004811631,am,1.390195214,1.367434626
2020,1.13448852,1.693908394,0.002133722,am,1.414198457,1.493103161
2020,1.174431766,1.605958663,0.004811631,am,1.390195214,1.367434626
2020,1.174431766,1.605958663,0.004811631,am,1.390195214,1.367434626
2020,1.248222027,1.770211141,0.102952776,am,1.509216584,1.41818611
2020,1.187098952,1.424797965,0.033823035,am,1.305948459,1.200235214
2020,1.160254106,1.475532357,0.011356206,am,1.317893231,1.271732071
2020,1.420604751,2.347955747,0.007855171,am,1.884280249,1.652786073
2020,1.174431766,1.605958663,0.004811631,am,1.390195214,1.367434626
2020,1.296256716,1.798129751,0.012739567,am,1.547193233,1.38717102
2020,1.296256716,1.798129751,0.012739567,am,1.547193233,1.38717102
2020,1.666777736,3.089952832,0.010898712,am,2.378365284,1.853848156
2020,1.666777736,3.089952832,0.010898712,am,2.378365284,1.853848156
2020,1.666777736,3.089952832,0.010898712,am,2.378365284,1.853848156
2020,1.296256716,1.798129751,0.012739567,am,1.547193233,1.38717102
2020,1.666777736,3.089952832,0.010898712,am,2.378365284,1.853848156
2020,1.402583769,2.58013307,0.011132223,am,1.991358419,1.839557199
2020,1.539397362,2.528288157,0.105642895,am,2.033842759,1.642388262
2020,1.675426111,2.874722425,0.162265404,am,2.275074268,1.7158157
2020,1.243856647,1.813120884,0.045819366,am,1.528488765,1.457660647
2020,1.617200943,2.930577381,0.141819548,am,2.273889162,1.812129404
2020,1.205432856,1.655944848,0.04093093,am,1.430688852,1.373734622
2020,1.218132779,1.607211678,0.080570356,am,1.412672229,1.319405984
2020,1.353557477,2.295291177,0.088872249,am,1.824424327,1.695747109
2020,1.246109929,1.673492395,0.04207363,am,1.459801162,1.342973325
2020,1.402583769,2.58013307,0.011132223,am,1.991358419,1.839557199
2020,1.402583769,2.58013307,0.011132223,am,1.991358419,1.839557199
2020,1.409163309,2.420743933,0.022681008,am,1.914953621,1.717859043
2020,1.504680574,2.454895751,0.239000917,am,1.979788163,1.631506244
2020,1.701545017,3.114198984,0.492105099,am,2.407872001,1.830218392
2020,1.334500949,1.97224792,0.080594177,am,1.653374435,1.477891732
2020,1.552892608,2.522444942,0.154144331,am,2.037668775,1.624352469
2020,1.269608537,2.064365406,0.101645136,am,1.666986972,1.625985762
2020,1.615660673,2.701308993,0.148527961,am,2.158484833,1.671953176
2020,1.798455035,3.000981001,0.179050004,am,2.399718018,1.668643887
2020,1.803653976,3.142173529,0.370321394,am,2.472913752,1.742115489
2020,1.152153097,1.521159616,0.003734439,am,1.336656356,1.320275595
2020,2.283746224,5.044108761,0.304779986,am,3.663927492,2.208699333
2020,1.152153097,1.521159616,0.003734439,am,1.336656356,1.320275595
2020,1.152153097,1.521159616,0.003734439,am,1.336656356,1.320275595
2020,1.454884044,2.239784463,0.018178302,am,1.847334253,1.539493455
2020,1.420986567,2.260372333,0.043630177,am,1.84067945,1.590706334
2020,1.437935305,2.250078398,0.03090424,am,1.844006852,1.564798075
2020,1.429218839,2.123263483,0.190644844,am,1.776241161,1.485611178
2020,1.137105889,1.524007781,0.003493823,am,1.330556835,1.340251419
2020,1.137105889,1.524007781,0.003493823,am,1.330556835,1.340251419
2020,1.32270964,3.00219916,0.170118275,am,2.1624544,2.269734089
2020,1.430501203,2.149780927,0.2845576,am,1.790141065,1.502816581
2020,1.068538095,2.513227705,0.163444141,am,1.7908829,2.352024431
2020,1.124991656,1.49841759,0.003088391,pm,1.311704623,1.331936626
2020,1.124991656,1.49841759,0.003088391,pm,1.311704623,1.331936626
2020,1.180415286,2.041715513,0.006149778,pm,1.6110654,1.729658652
2020,1.124991656,1.49841759,0.003088391,pm,1.311704623,1.331936626
2020,1.152703471,1.770066552,0.004619085,pm,1.461385011,1.5355784
2020,1.119330172,1.280420227,0.003111441,pm,1.1998752,1.143916477
2020,1.119330172,1.280420227,0.003111441,pm,1.1998752,1.143916477
2020,1.124991656,1.49841759,0.003088391,pm,1.311704623,1.331936626
2020,1.124991656,1.49841759,0.003088391,pm,1.311704623,1.331936626
2020,1.149872729,1.66106787,0.00463061,pm,1.4054703,1.444566714
2020,1.180415286,2.041715513,0.006149778,pm,1.6110654,1.729658652
2020,1.180415286,2.041715513,0.006149778,pm,1.6110654,1.729658652
2020,1.180415286,2.041715513,0.006149778,pm,1.6110654,1.729658652
2020,1.180724945,1.609668695,0.314542288,pm,1.39519682,1.363288463
2020,1.166794476,1.577777472,0.060660109,pm,1.372285974,1.352232553
2020,1.141874455,1.340436594,0.00793217,pm,1.241155525,1.173891393
2020,1.141874455,1.340436594,0.00793217,pm,1.241155525,1.173891393
2020,1.222256118,1.941834522,0.095771817,pm,1.58204532,1.58872964
2020,1.24610245,1.912843356,0.071003837,pm,1.579472903,1.535061066
2020,1.250703692,1.759253281,0.477312706,pm,1.504978487,1.406610768
2020,1.160197538,1.626288434,0.06674348,pm,1.393242986,1.401734084
2020,1.09045252,1.328897521,0.054252586,pm,1.20967502,1.218666101
2020,1.256116234,1.993981675,0.094076605,pm,1.625048954,1.587418123
2020,1.204325085,1.794084929,0.069163291,pm,1.499205007,1.489701536
2020,1.07854981,1.196419276,0.148129606,pm,1.137484543,1.10928514
2020,1.139843934,1.377954095,0.130535592,pm,1.258899015,1.20889716
2020,1.061341792,1.164489838,0.094176381,pm,1.112915815,1.097186455
2020,1.523834532,2.02126306,0.064732815,pm,1.772548796,1.326432114
2020,1.411263911,2.027736221,0.014127359,pm,1.719500066,1.436822841
2020,1.411263911,2.027736221,0.014127359,pm,1.719500066,1.436822841
2020,1.466943511,2.15030767,0.079276815,pm,1.808625591,1.465842177
2020,1.411263911,2.027736221,0.014127359,pm,1.719500066,1.436822841
2020,1.578302712,2.395450569,0.209575728,pm,1.98687664,1.517738359
2020,1.530471316,2.340715944,0.243736458,pm,1.93559363,1.529408568
2020,1.425055339,2.181815053,0.029395317,pm,1.803435196,1.531038826
2020,1.426927191,1.978248016,0.026099174,pm,1.702587603,1.386369275
2020,1.426927191,1.978248016,0.026099174,pm,1.702587603,1.386369275
2020,1.430893037,2.086700816,0.051080381,pm,1.758796926,1.458320616
2020,1.434858883,2.195153616,0.076061588,pm,1.81500625,1.529874221
2020,1.299400064,1.856857775,0.109705671,pm,1.57812892,1.429011608
2020,1.434858883,2.195153616,0.076061588,pm,1.81500625,1.529874221
2020,1.400720608,2.224308403,0.036765389,pm,1.812514506,1.587974354
2020,1.514085509,2.46334353,0.093295031,pm,1.98871452,1.626951394
2020,1.423183487,2.385382091,0.032691459,pm,1.904282789,1.676088932
2020,1.423183487,2.385382091,0.032691459,pm,1.904282789,1.676088932
2020,1.374949963,2.196987254,0.023143235,pm,1.785968608,1.597867059
2020,1.374949963,2.196987254,0.023143235,pm,1.785968608,1.597867059
2020,1.374949963,2.196987254,0.023143235,pm,1.785968608,1.597867059
2020,1.447468062,2.167630277,0.038488732,pm,1.80754917,1.497532369
2020,1.467774285,2.337140479,0.038319221,pm,1.902457382,1.592302374
2020,1.346311991,2.061040175,0.025357732,pm,1.703676083,1.53087857
2020,1.380016313,2.033846797,0.223930087,pm,1.706931555,1.473784605
2020,1.347481011,2.054611977,0.12510119,pm,1.701046494,1.524779912
2020,1.465068566,2.382442818,0.373517934,pm,1.923755692,1.626164723
2020,1.440543397,2.177062238,0.061143508,pm,1.808802817,1.511278482
2020,1.621425611,2.376813096,0.049250168,pm,1.999119354,1.465878594
2020,1.33252903,1.944210402,0.195347971,pm,1.638369716,1.459037933
2020,1.477379472,2.279428992,0.115316891,pm,1.878404232,1.542886601
2020,1.56187955,2.262519303,0.049912184,pm,1.912199426,1.448587571
2020,1.24128472,1.686596875,0.127489516,pm,1.463940797,1.358751016
2020,1.085822726,1.30417786,0.094566966,pm,1.195000293,1.201096485
2020,1.071145033,1.234062998,0.16914264,pm,1.152604015,1.152097018
2020,1.208476945,1.856958516,0.048921259,pm,1.53271773,1.536610627
2020,1.208476945,1.856958516,0.048921259,pm,1.53271773,1.536610627
2020,1.163837044,1.6155034,0.065860499,pm,1.389670222,1.388083846
2020,1.287829434,1.717105913,0.016949027,pm,1.502467673,1.333333333
2020,1.23399732,2.536714275,0.648767255,pm,1.885355797,2.055688642
2020,1.42539053,2.113341469,0.24871285,pm,1.769366,1.482640318
2020,1.347824779,2.091336723,0.025943474,pm,1.719580751,1.551638429
2020,1.325777367,2.005694035,0.026483104,pm,1.665735701,1.512843774
2020,1.325246364,2.049355774,0.023063264,pm,1.687301069,1.546396075
2020,1.44258164,2.17173695,0.203449672,pm,1.807159295,1.505451677
2020,1.54562021,2.396211458,0.173103009,pm,1.970915834,1.550323581
2020,1.572788432,2.385529173,0.156052973,pm,1.979158803,1.516751474
2020,1.331655816,1.981923631,0.021552583,pm,1.656789724,1.488315229
2020,1.554635711,2.477341389,0.164661997,pm,2.01598855,1.593518901
2020,1.355713009,1.926216202,0.01381202,pm,1.640964606,1.420814132
2020,1.666862515,2.5,0.146886016,pm,2.083431257,1.499823757
2020,1.492139363,2.136701292,0.053531351,pm,1.814420327,1.431971668
2020,1.331655816,1.981923631,0.021552583,pm,1.656789724,1.488315229
2020,1.355713009,1.926216202,0.01381202,pm,1.640964606,1.420814132
2020,1.26175049,1.69321415,0.014519483,pm,1.47748232,1.341956403
2020,1.448366821,2.262399115,0.263026054,pm,1.855382968,1.562034618
2020,1.396735184,2.08320717,0.020892533,pm,1.739971177,1.491483277
2020,1.333992179,2.085139971,0.018557359,pm,1.709566075,1.563082606
2020,1.402817624,2.086577425,0.028112151,pm,1.744697525,1.487418884
2020,1.73380161,2.586970706,0.14235059,pm,2.160386158,1.49208
2020,1.441439748,2.14058945,0.035001744,pm,1.791014599,1.485035676
2020,1.518739297,2.515361056,0.24628877,pm,2.017050177,1.656216483
2020,1.539466545,2.537692933,0.324410283,pm,2.038579739,1.648423566
2020,1.483963842,2.509775208,0.416016743,pm,1.996869525,1.691264394
2020,1.382160322,2.871661718,0.205813564,pm,2.12691102,2.077661812
2020,1.322292886,2.410759235,0.131420025,pm,1.86652606,1.823165851
2020,1.537985569,2.440769489,0.294537943,pm,1.989377529,1.586991152
2020,1.424696416,2.923722881,0.07889693,pm,2.174209648,2.052172553
2020,1.546827206,2.608945741,0.125977355,pm,2.077886474,1.686643299
2020,1.441144902,2.450089445,0.175319459,pm,1.945617174,1.700099305
2020,1.717172795,2.610566927,0.377919001,pm,2.163869861,1.520270374
2020,1.496795326,2.640530146,0.169883298,pm,2.068662736,1.764122389
2020,1.670055254,2.843801995,0.303784391,pm,2.256928624,1.702819106
2020,1.108367627,1.35733882,0.046547971,pm,1.232853224,1.224628713
2020,1.21816895,1.738438284,0.244066042,pm,1.478303617,1.427091279
2020,1.117490927,1.332612489,0.0558222,pm,1.225051708,1.192504079
2020,1.154734783,1.460682411,0.002738151,pm,1.307708597,1.26495056
2020,1.104095283,1.29471771,0.047385346,pm,1.199406496,1.172650341
2020,1.089990917,1.266887718,0.040259787,pm,1.178439318,1.162291995
2020,1.129921514,1.352605855,0.037653342,pm,1.241263685,1.197079478
2020,1.380047938,1.9369118,0.038076427,pm,1.658479869,1.403510521
2020,1.431429356,2.367931578,0.13520078,pm,1.899680467,1.654242711
2020,1.405492401,2.726657019,0.313274505,pm,2.06607471,1.940001253
2020,1.440865321,2.426214944,0.139632509,pm,1.933540133,1.683859629
2020,1.545063821,2.480468813,0.041143941,pm,2.012766317,1.605415116
2020,1.565392346,2.342677127,0.146044342,pm,1.954034737,1.496543108
2020,1.233486005,2.841621083,0.206703863,pm,2.037553544,2.30373192
2020,1.499182531,2.526969294,0.030737499,pm,2.013075913,1.685564794
2020,1.434761693,2.96610591,0.260416105,pm,2.200433801,2.067316074
2020,1.260277187,2.807394481,0.13406152,pm,2.033835834,2.227600809
2020,1.311127044,3.260454243,0.285942578,pm,2.285790644,2.486756914
2020,1.321629604,4.248028029,0.100017908,pm,2.784828817,3.214234923
2020,1.376207572,3.086702445,0.239977638,pm,2.231455009,2.242904711
2020,1.415587121,2.1555671,0.197066654,pm,1.78557711,1.522737151
2020,1.683629797,2.860645415,0.212690636,pm,2.272137606,1.699094077
2020,1.557078912,2.444805319,0.042875806,pm,2.000942116,1.570122941
2020,1.470010763,2.282734641,0.149370963,pm,1.876372702,1.552869338
2020,1.711787129,2.882956328,0.28391509,pm,2.297371728,1.68417923
2020,2.236206919,4.245013851,0.097657737,pm,3.240610385,1.898309953
2020,1.094972067,4.322625698,0.301859336,pm,2.708798883,3.947704082
2020,1.381111684,2.94140007,0.163387247,pm,2.161255877,2.129733681
2020,1.252856284,2.517659852,0.112626342,pm,1.885258068,2.009536038
2020,1.077342757,2.838081448,0.172576859,pm,1.957712102,2.634334737
2020,1.289461886,2.053557046,0.206863178,pm,1.671509466,1.592569016
2020,1.176062695,1.470140119,0.038135434,pm,1.323101407,1.250052507
2020,1.268234343,1.881783938,0.133170459,pm,1.57500914,1.483782511
2020,1.389014356,2.16365437,0.039283525,pm,1.776334363,1.55769043
2020,1.282750999,1.750879878,0.014884637,pm,1.516815438,1.364941348
2020,1.110669243,1.270532909,0.015880203,pm,1.190601076,1.14393454
2020,1.060661906,2.271875078,0.112368887,pm,1.666268492,2.141940863
2020,1.067727418,2.391518928,0.141155697,pm,1.729623173,2.239821594
2020,1.057564729,1.706708222,0.05870211,pm,1.382136476,1.613809703
2020,1.064362001,2.854609331,0.080230729,pm,1.959485666,2.681991022
2020,1.070153343,1.161919656,0.003613323,pm,1.116036499,1.085750621
2020,1.229356801,2.280218459,0.140765343,pm,1.75478763,1.854806072
2020,1.059456338,1.995636563,0.056432674,pm,1.527546451,1.883642102
2020,1.274804444,2.255618317,0.112829896,pm,1.76521138,1.769383789
2020,1.549853244,2.735237536,0.272548242,pm,2.14254539,1.764836475
2020,1.870865984,4.008561272,0.322937217,pm,2.939713628,2.142623419
2020,1.195448722,2.262900083,0.040526725,pm,1.729174403,1.892929442
2020,1.372365292,1.981544507,0.053246147,pm,1.676954899,1.44388999
2020,1.583786679,3.385471277,0.819184067,pm,2.484628978,2.137580346
2020,1.437738031,2.883698788,0.171046357,pm,2.16071841,2.00571921
2020,1.454892103,2.634943593,0.277847494,pm,2.044917848,1.8110921
2020,1.204486833,1.855302561,0.106669986,pm,1.529894697,1.540326146
2020,1.453896772,2.463745062,0.056812942,pm,1.958820917,1.694580461
2020,1.105742211,1.798756921,0.519338103,pm,1.452249566,1.626741661
2020,1.081582329,2.170083211,0.090459908,pm,1.62583277,2.006396696
2020,1.085419652,2.155106734,0.322729476,pm,1.620263193,1.985505542
2020,1.053781513,1.128851541,0.063240983,pm,1.091316527,1.071238703
2020,1.088769604,3.264303181,0.31264785,pm,2.176536392,2.998157893
2020,1.081225657,2.439267886,0.232499549,pm,1.760246771,2.256021091
2020,1.19238128,1.890624487,0.08704181,pm,1.541502884,1.585587192
2020,1.247944033,1.766183564,0.032829298,pm,1.507063799,1.415274658
2020,1.313331745,2.229102005,0.01734195,pm,1.771216875,1.697287844
2020,1.58089762,3.33956237,0.026669561,pm,2.460229995,2.112446959
2020,1.58089762,3.33956237,0.026669561,pm,2.460229995,2.112446959
2020,1.327686339,2.101020177,0.019739458,pm,1.714353258,1.582467271
2020,1.328237321,2.207585935,0.157267032,pm,1.767911628,1.66204179
2020,1.281619546,1.991555822,0.015471829,pm,1.636587684,1.553936836
2020,1.449608756,1.986947224,0.045052762,pm,1.71827799,1.370678272
2020,1.575001705,2.475283538,0.018783135,pm,2.025142622,1.571606894
2020,1.495791241,2.246009619,0.025664421,pm,1.87090043,1.501552862
2020,1.418963519,2.023730606,0.037160074,pm,1.721347062,1.426203408
2020,1.064453944,1.178526528,0.009877852,pm,1.121490236,1.107165354
2020,1.53038828,2.385590146,0.029762432,pm,1.957989213,1.558813654
2020,1.352119036,2.168104049,0.017090967,pm,1.760111543,1.603486077
2020,1.336967809,1.800029669,0.013351355,pm,1.568498739,1.346352288
2020,1.302506264,1.76225846,0.013610799,pm,1.532382362,1.352975036
2020,1.302506264,1.76225846,0.013610799,pm,1.532382362,1.352975036
2020,1.352119036,2.168104049,0.017090967,pm,1.760111543,1.603486077
2020,1.368358779,2.1057629,0.016388179,pm,1.737060839,1.538896766
2020,1.316187812,1.823496661,0.013509815,pm,1.569842237,1.385438038
2020,1.26804472,1.724487252,0.013870243,pm,1.496265986,1.359957756
2020,1.369701404,2.166848509,0.017467777,pm,1.768274957,1.581986047
2020,1.384598522,2.04342175,0.015685391,pm,1.714010136,1.475822571
2020,1.368721618,1.962291057,0.014907379,pm,1.665506337,1.43366703
2020,1.26804472,1.724487252,0.013870243,pm,1.496265986,1.359957756
2020,1.26804472,1.724487252,0.013870243,pm,1.496265986,1.359957756
2020,1.352119036,2.168104049,0.017090967,pm,1.760111543,1.603486077
2020,1.589423413,2.745007949,0.169951496,pm,2.167215681,1.727046378
2020,1.568711378,2.768306965,0.231452765,pm,2.168509172,1.764701272
2020,1.169027701,1.581264376,0.034093778,pm,1.375146039,1.352632085
2020,1.648173078,2.745922143,0.060297619,pm,2.197047611,1.66603992
2020,1.578966618,2.625746523,0.193536131,pm,2.10235657,1.662952524
2020,1.052071891,1.136193855,0.005297369,pm,1.094132873,1.07995838
2020,1.286510143,1.799803388,0.009329052,pm,1.543156766,1.39898111
2020,1.286510143,1.799803388,0.009329052,pm,1.543156766,1.39898111
2020,1.369736646,2.151600769,0.375322876,pm,1.760668707,1.570813467
2020,1.383101515,2.204420146,0.845518357,pm,1.793760831,1.593823824
2020,1.261263825,1.902344912,0.744818314,pm,1.581804369,1.508284686
2020,1.062193316,1.172384164,0.035517831,pm,1.11728874,1.103738977
2020,1.297035855,1.881570446,0.056312042,pm,1.58930315,1.45066957
2020,1.255285277,1.705927798,0.060213167,pm,1.480606537,1.358996102
2020,1.208985106,2.552042289,0.163959969,pm,1.880513698,2.110896384
2020,1.076284694,1.221825942,0.057732935,pm,1.149055318,1.135225604
2020,1.397175401,2.278277165,0.007138466,pm,1.837726283,1.630630745
2020,1.397175401,2.278277165,0.007138466,pm,1.837726283,1.630630745
2020,1.225622162,1.634374979,0.115763179,pm,1.42999857,1.333506385
2020,1.397175401,2.278277165,0.007138466,pm,1.837726283,1.630630745
2020,1.255870286,1.848308829,0.024300954,pm,1.552089557,1.471735457
2020,1.397175401,2.278277165,0.007138466,pm,1.837726283,1.630630745
2020,1.286510143,1.799803388,0.009329052,pm,1.543156766,1.39898111
2020,1.27262418,1.756179813,0.038833252,pm,1.514401996,1.379967346
2020,1.144195585,1.476851631,0.129629886,pm,1.310523608,1.290733551
2020,1.122743992,1.418121639,0.037932876,pm,1.270432816,1.263085485
2020,1.082953383,1.334888352,0.030011118,pm,1.208920867,1.232636947
2020,1.067682119,1.145430464,0.015171264,pm,1.106556291,1.072819749
2020,1.296226269,2.036151781,0.008488866,pm,1.666189025,1.570830518
2020,2.285562434,3.206456995,0.973205271,pm,2.746009715,1.402918138
2020,1.478005696,2.522779353,0.677814288,pm,2.000392524,1.70688067
2020,2.104553477,2.688212711,0.957564767,pm,2.396383094,1.277331624
2020,1.135174415,1.347938547,0.033381393,pm,1.241556481,1.187428583
2020,1.302135032,1.934430213,0.091985611,pm,1.618282623,1.48558342
2020,1.055934698,1.147330389,0.015353009,pm,1.101632544,1.086554302
2020,1.077710359,1.227055297,0.020886047,pm,1.152382828,1.138576137
2020,1.662284237,2.929309416,1.366104576,pm,2.295796826,1.762219331
2020,1.046343216,1.11208842,0.007630958,pm,1.079215818,1.062833307
2020,1.132434065,1.424648372,0.008071674,pm,1.278541218,1.258040902
2020,1.08938864,1.268368396,0.007851316,pm,1.178878518,1.16429376
2020,1.383527472,2.727543359,1.698502809,pm,2.055535415,1.971441417
2020,1.647394901,3.680483125,2.556848413,pm,2.663939013,2.234123174
2020,1.362684832,2.145795598,0.017004154,pm,1.754240215,1.574682235
2020,1.228045775,1.658581395,0.177924755,pm,1.443313585,1.350585972
2020,1.06809629,1.148901662,0.036789373,pm,1.108498976,1.07565364
2020,1.076690367,1.22197577,0.031528615,pm,1.149333068,1.134937033
2020,1.064836443,1.180403814,0.023499769,pm,1.122620128,1.108530631
2020,1.052685089,1.12193572,0.04789409,pm,1.087310405,1.065784756
2020,1.121485394,1.366712084,0.006378523,pm,1.244098739,1.218662401
2020,1.150769686,1.584221433,0.023449104,pm,1.36749556,1.376662465
2020,1.32274742,1.980679207,0.08295563,pm,1.651713314,1.497397898
2020,1.507096226,2.428954229,0.040121738,pm,1.968025228,1.611678263
2020,1.184676933,1.613118354,0.014252877,pm,1.398897644,1.36165254
2020,1.184676933,1.613118354,0.014252877,pm,1.398897644,1.36165254
2020,1.184676933,1.613118354,0.014252877,pm,1.398897644,1.36165254
2020,1.620870114,2.951623638,1.353207358,pm,2.286246876,1.821011821
2020,1.296226269,2.036151781,0.008488866,pm,1.666189025,1.570830518
2020,1.197899074,1.609688264,0.01865337,pm,1.403793669,1.343759503
2020,1.046397525,1.113172973,0.015105738,pm,1.079785249,1.063814608
2020,1.632461389,2.995924512,0.309141076,pm,2.314192951,1.835219216
2020,1.362684832,2.145795598,0.017004154,pm,1.754240215,1.574682235
2020,1.362684832,2.145795598,0.017004154,pm,1.754240215,1.574682235
2020,1.362684832,2.145795598,0.017004154,pm,1.754240215,1.574682235
2020,1.103352192,1.365775911,0.019401056,pm,1.234564052,1.237842206
2020,1.430844769,2.335294722,0.162068007,pm,1.883069745,1.632109068
2020,1.207317473,1.585726647,0.065183663,pm,1.39652206,1.313429717
2020,1.107656853,1.445358461,0.027345916,pm,1.276507657,1.304879266
2020,1.421347033,2.409031671,0.202243587,pm,1.915189352,1.694893376
2020,1.427185331,2.236759752,0.187680552,pm,1.831972541,1.567252483
2020,1.289020413,2.135080658,0.213913297,pm,1.712050536,1.656359073
2020,1.380632101,2.36046792,0.089129705,pm,1.870550011,1.709700881
2020,1.225068976,1.786333388,0.0131923,pm,1.505701182,1.458149234
2020,1.617148039,2.383348019,0.0104984,pm,2.000248029,1.473797056
2020,1.617148039,2.383348019,0.0104984,pm,2.000248029,1.473797056
2020,1.442129629,2.277605954,0.554260398,pm,1.859867792,1.579335109
2020,1.528943395,2.354009662,0.131448507,pm,1.941476528,1.539631663
2020,1.295515934,1.881991943,0.092994313,pm,1.588753938,1.452696871
2020,1.366611371,2.086540835,0.006953654,pm,1.726576103,1.526798971
2020,1.201781933,1.857818028,0.009393608,pm,1.529799981,1.545886136
2020,1.201781933,1.857818028,0.009393608,pm,1.529799981,1.545886136
2020,1.201781933,1.857818028,0.009393608,pm,1.529799981,1.545886136
2020,1.194877492,1.679298527,0.011160509,pm,1.437088009,1.405414813
2020,1.194877492,1.679298527,0.011160509,pm,1.437088009,1.405414813
2020,1.183723257,1.529716373,0.008397923,pm,1.356719815,1.292292234
2020,1.179473464,1.558653721,0.003868436,pm,1.369063592,1.321482652
2020,1.179473464,1.558653721,0.003868436,pm,1.369063592,1.321482652
2020,1.179473464,1.558653721,0.003868436,pm,1.369063592,1.321482652
2020,1.297955224,2.047873438,0.010213821,pm,1.672914331,1.577768941
2020,1.317417579,2.033893643,0.010111826,pm,1.675655611,1.543848872
2020,1.182438624,1.627234484,0.009460313,pm,1.404836554,1.376168244
2020,1.180956044,1.592944102,0.006664374,pm,1.386950073,1.348859774
2020,1.182438624,1.627234484,0.009460313,pm,1.404836554,1.376168244
2020,1.297884179,2.381436148,0.441890024,pm,1.839660164,1.834860295
2020,1.355937317,2.645035904,0.509184744,pm,2.00048661,1.950706623
2020,1.229248123,2.23584656,0.002737501,pm,1.732547341,1.818873276
2020,1.181927601,1.857605942,0.002666283,pm,1.519766771,1.571674898
2020,1.229248123,2.23584656,0.002737501,pm,1.732547341,1.818873276
2020,1.131192091,1.455828027,0.00426571,pm,1.293510059,1.286985684
2020,1.131192091,1.455828027,0.00426571,pm,1.293510059,1.286985684
2020,1.142394844,1.434142086,0.008647352,pm,1.288268465,1.255382141
2020,1.127777103,1.43229073,0.005936356,pm,1.280033917,1.270012245
2020,1.157012586,1.435993441,0.011358348,pm,1.296503013,1.241121712
2020,1.13392721,1.499840145,0.006331657,pm,1.316883677,1.322695259
2020,1.117259294,1.57522251,0.001770197,pm,1.346240902,1.409898775
2020,1.197103046,1.646577588,0.004893986,pm,1.421840317,1.375468547
2020,1.117526647,1.519208757,0.001840127,pm,1.318367702,1.359438507
2020,1.197103046,1.646577588,0.004893986,pm,1.421840317,1.375468547
2020,1.197103046,1.646577588,0.004893986,pm,1.421840317,1.375468547
2020,1.314715407,2.10485912,0.136675336,pm,1.709787263,1.600999813
2020,1.235559472,1.610746104,0.037230398,pm,1.423152788,1.303657283
2020,1.153867555,1.424726058,0.011364432,pm,1.289296806,1.234739682
2020,1.392244194,2.197940053,0.006956891,pm,1.795092123,1.578702977
2020,1.197103046,1.646577588,0.004893986,pm,1.421840317,1.375468547
2020,1.273187383,1.690324304,0.013333728,pm,1.481755843,1.327631994
2020,1.273187383,1.690324304,0.013333728,pm,1.481755843,1.327631994
2020,1.587385342,2.749302518,0.009019796,pm,2.16834393,1.731969199
2020,1.587385342,2.749302518,0.009019796,pm,2.16834393,1.731969199
2020,1.587385342,2.749302518,0.009019796,pm,2.16834393,1.731969199
2020,1.273187383,1.690324304,0.013333728,pm,1.481755843,1.327631994
2020,1.587385342,2.749302518,0.009019796,pm,2.16834393,1.731969199
2020,1.348378024,2.383122974,0.010221734,pm,1.865750499,1.767399744
2020,1.581009516,2.575819613,0.093192667,pm,2.078414565,1.62922461
2020,1.771204515,3.013592302,0.138861361,pm,2.392398409,1.701436664
2020,1.271737769,1.925508368,0.047309931,pm,1.598623068,1.514076577
2020,1.631259154,2.929105756,0.127152584,pm,2.280182455,1.79561031
2020,1.198979738,1.619066226,0.04206679,pm,1.409022982,1.350369964
2020,1.179932789,1.532060938,0.081439629,pm,1.355996863,1.298430683
2020,1.339606681,2.235105062,0.094171623,pm,1.787355871,1.668478587
2020,1.245272229,1.690680164,0.042077455,pm,1.467976197,1.357679168
2020,1.348378024,2.383122974,0.010221734,pm,1.865750499,1.767399744
2020,1.348378024,2.383122974,0.010221734,pm,1.865750499,1.767399744
2020,1.300811474,2.221126628,0.020957979,pm,1.760969051,1.707493109
2020,1.490046416,2.624980577,0.258392751,pm,2.057513496,1.761677051
2020,1.781019785,2.961385979,0.40873252,pm,2.371202882,1.662747379
2020,1.347971333,2.074095169,0.086947073,pm,1.711033251,1.53867899
2020,1.501690979,2.345902244,0.143962162,pm,1.923796611,1.562173761
2020,1.368013398,2.256486278,0.096788338,pm,1.812249838,1.649462119
2020,1.49664691,2.095506837,0.090995515,pm,1.796076873,1.400134409
2020,1.951644063,3.03432535,0.164394358,pm,2.492984706,1.554753455
2020,1.925064504,3.082649553,0.336952978,pm,2.503857028,1.601322733
2020,1.217231467,1.926510252,0.004397505,pm,1.571870859,1.582698365
2020,2.44400527,5.499341238,0.362275444,pm,3.971673254,2.250134771
2020,1.217231467,1.926510252,0.004397505,pm,1.571870859,1.582698365
2020,1.217231467,1.926510252,0.004397505,pm,1.571870859,1.582698365
2020,1.423019992,2.242319567,0.016894016,pm,1.83266978,1.575747059
2020,1.443882969,2.427407625,0.046334169,pm,1.935645297,1.681166464
2020,1.43345148,2.334863596,0.031614093,pm,1.884157538,1.62884034
2020,1.528335345,2.81626387,0.287871346,pm,2.172299608,1.842700216
2020,1.171111561,1.712463921,0.003742948,pm,1.441787741,1.462255158
2020,1.171111561,1.712463921,0.003742948,pm,1.441787741,1.462255158
2020,1.370260379,3.024078569,0.183502187,pm,2.197169474,2.206937174
2020,1.510691405,2.525389712,1.00412672,pm,2.018040558,1.671678083
2020,1.059504637,2.481064549,0.18784667,pm,1.770284593,2.341721275
2019,1.123728458,1.459343321,0.00306877,am,1.291535889,1.298661888
2019,1.123728458,1.459343321,0.00306877,am,1.291535889,1.298661888
2019,1.148148495,1.613295458,0.004190887,am,1.380721976,1.405127878
2019,1.123728458,1.459343321,0.00306877,am,1.291535889,1.298661888
2019,1.144308515,1.553893039,0.003919305,am,1.349100777,1.357931902
2019,1.144308515,1.553893039,0.003919305,am,1.349100777,1.357931902
2019,1.269456081,3.593942317,0.246331632,am,2.431699199,2.831088347
2019,1.252565313,2.179112941,0.012717291,am,1.715839127,1.739720012
2019,1.252565313,2.179112941,0.012717291,am,1.715839127,1.739720012
2019,1.481582074,3.178933967,0.107925105,am,2.330258021,2.145634739
2019,1.335836645,3.769996371,1.010199641,am,2.552916508,2.822198646
2019,1.554187315,3.896512993,0.153489169,am,2.725350154,2.507106419
2019,1.759072343,3.953530767,0.145756725,am,2.856301555,2.247508912
2019,1.518736604,4.902765366,0.242475587,am,3.210750985,3.228186738
2019,1.554187315,3.896512993,0.153489169,am,2.725350154,2.507106419
2019,1.07391891,1.201060715,0.147546571,am,1.137489813,1.118390507
2019,1.955667615,2.770018583,0.330448058,am,2.362843099,1.416405611
2019,2.07642386,3.61520597,0.342729886,am,2.845814915,1.741073217
2019,1.377216258,1.952033537,0.094243093,am,1.664624898,1.417376193
2019,1.691652755,2.666110184,0.22254676,am,2.178881469,1.576038685
2019,1.480855553,2.459269078,0.03122689,am,1.970062315,1.66070828
2019,1.480855553,2.459269078,0.03122689,am,1.970062315,1.66070828
2019,1.471527177,2.336772203,0.036527995,am,1.90414969,1.587991197
2019,1.502158022,2.340968171,0.044131108,am,1.921563097,1.558403402
2019,1.380874977,2.004613503,0.103969487,am,1.69274424,1.451698044
2019,1.33911022,1.916852637,0.255413063,am,1.627981428,1.431437538
2019,1.37032762,2.022459136,0.163423924,am,1.696393378,1.4758946
2019,1.368283623,2.085002985,0.046846571,am,1.726643304,1.523809063
2019,1.466818478,2.074170462,0.03373732,am,1.77049447,1.414060767
2019,1.62021568,2.266375064,0.131819813,am,1.943295372,1.398810721
2019,1.75525743,2.692057054,0.241850605,am,2.223657242,1.533710673
2019,1.536015376,2.030782076,0.143829872,am,1.783398726,1.322110513
2019,1.380709661,1.588409532,0.179803648,am,1.484559596,1.150429795
2019,1.298959688,1.496275132,0.092705004,am,1.39761741,1.151902669
2019,1.322216637,1.883303648,0.022050702,am,1.602760142,1.424353313
2019,1.32455395,1.908387932,0.021779453,am,1.616470941,1.440777805
2019,1.434504354,2.055859981,0.186440642,am,1.745182168,1.433150046
2019,1.502898967,2.279894654,0.133275125,am,1.89139681,1.516997951
2019,1.472806377,2.123010697,0.214461338,am,1.797908537,1.441473047
2019,1.482717584,2.877045883,0.004370877,am,2.179881733,1.940386972
2019,1.400675935,2.738433504,0.094899134,am,2.069554719,1.955079998
2019,1.119234318,1.365788773,0.041990938,am,1.242511546,1.220288505
2019,1.446064994,2.555026722,0.119830148,am,2.000545858,1.766882354
2019,1.466757369,3.010775462,0.10410171,am,2.238766416,2.052674509
2019,1.498904247,2.407968468,0.184765735,am,1.953436357,1.606485853
2019,1.607641045,2.761365771,0.156807087,am,2.184503408,1.717650703
2019,1.412780456,2.295376883,0.170605346,am,1.854078669,1.624722987
2019,1.476755508,2.498301378,0.03875098,am,1.987528443,1.691750168
2019,1.532600788,2.321457654,0.131320009,am,1.927029221,1.514717775
2019,1.387764458,2.156883358,0.122964392,am,1.772323908,1.554214295
2019,1.494820757,2.34340077,0.022252144,am,1.919110764,1.567680111
2019,1.531126669,2.520658357,0.195128812,am,2.025892513,1.646276829
2019,1.397032923,2.107545114,0.15427178,am,1.752289019,1.508586577
2019,1.565562069,2.542529758,0.158297719,am,2.054045913,1.624036381
2019,1.458415714,2.318821917,0.037649777,am,1.888618816,1.589959498
2019,1.37906564,1.990925207,0.103819235,am,1.684995423,1.443676899
2019,1.536084186,2.492239545,0.055840401,am,2.014161865,1.622462863
2019,1.327578825,1.863894667,0.290387323,am,1.595736746,1.403980413
2019,2.555924695,4,0.221483942,am,3.277962348,1.564991334
2019,1.577690694,2.659284439,0.094392123,am,2.118487567,1.685555001
2019,1.776059407,3.101434852,0.164426729,am,2.438747129,1.746244996
2019,1.375374679,2.232171654,0.185737481,am,1.803773167,1.622955321
2019,1.230426466,1.831982614,0.072290781,am,1.53120454,1.488900528
2019,1.484319552,2.645369178,0.041673722,am,2.064844365,1.782210019
2019,1.315823037,1.881243523,0.014995963,am,1.59853328,1.429708608
2019,1.142078112,1.557122241,0.01877146,am,1.349600177,1.363411333
2019,1.732622365,3.519539237,0.299262706,am,2.626080801,2.031336608
2019,1.583269031,3.103431429,0.240226843,am,2.34335023,1.96014156
2019,1.550032811,2.670027336,0.221358627,am,2.110030074,1.722561818
2019,1.268022123,1.872961468,0.11440477,am,1.570491795,1.477073179
2019,1.667671021,3.032281579,0.063134423,am,2.3499763,1.818273233
2019,1.183842468,1.600097273,0.074153943,am,1.391969871,1.351613341
2019,1.262765858,1.895472692,0.031177917,am,1.579119275,1.501048418
2019,1.19060655,1.410665886,0.009490899,am,1.300636218,1.184829603
2019,1.041708426,1.132063835,0.008727653,am,1.086886131,1.086737715
2019,1.041708426,1.132063835,0.008727653,am,1.086886131,1.086737715
2019,1.041708426,1.132063835,0.008727653,am,1.086886131,1.086737715
2019,1.313587435,1.921748336,0.014965432,am,1.617667885,1.4629771
2019,1.328024421,2.002007477,0.09035519,am,1.665015949,1.507508029
2019,1.52698178,2.280390192,0.016426353,am,1.903685986,1.49339712
2019,1.473854434,2.222925823,0.024659016,am,1.848390128,1.508239736
2019,1.390558006,1.909902648,0.031387181,am,1.650230327,1.373479308
2019,1.142698335,1.493912621,0.013588965,am,1.318305478,1.30735521
2019,1.585033332,2.838697348,0.020534926,am,2.21186534,1.790938583
2019,1.375534788,2.517605443,0.018668497,am,1.946570115,1.830273916
2019,1.585033332,2.838697348,0.020534926,am,2.21186534,1.790938583
2019,1.497405942,2.500504827,0.018390935,am,1.998955385,1.66989108
2019,1.384057041,2.056801747,0.015395112,am,1.720429394,1.486067183
2019,1.322733424,1.912719892,0.01437919,am,1.617726658,1.446035806
2019,1.592934906,2.574575293,0.103345427,am,2.083755099,1.616246391
2019,1.285428381,1.696611956,0.222135805,am,1.491020168,1.319880579
2019,1.116023525,1.368216148,0.03017879,am,1.242119837,1.225974289
2019,1.102750543,1.30147102,0.019360916,am,1.202110781,1.18020438
2019,1.661298236,2.514396894,0.006369103,am,2.087847565,1.513513251
2019,1.661298236,2.514396894,0.006369103,am,2.087847565,1.513513251
2019,1.330351595,2.133269406,0.008677786,am,1.7318105,1.603538052
2019,2.132972105,3.310395967,1.567723489,am,2.721684036,1.552010905
2019,1.386901063,2.566787447,0.847408604,am,1.976844255,1.850735798
2019,2.261526662,2.852290548,1.076826225,am,2.556908605,1.261223489
2019,2.803827441,4.297848226,0.091303777,am,3.550837833,1.532850475
2019,2.710679121,5.703357738,0.071993912,am,4.20701843,2.104032784
2019,1.569527523,3.068662862,0.117777703,am,2.319095193,1.955150718
2019,1.066393311,1.19768098,0.015961293,am,1.132037146,1.12311374
2019,1.547097609,2.741880084,1.278670957,am,2.144488847,1.772273493
2019,1.525301391,3.131664748,1.89721479,am,2.328483069,2.053144885
2019,1.09595517,1.330957965,0.008217591,am,1.213456568,1.214427379
2019,1.320103758,2.417967542,1.259766387,am,1.86903565,1.831649617
2019,1.145334208,1.520254884,0.008670626,am,1.332794546,1.327346091
2019,1.343601937,2.017749966,0.236320713,am,1.680675952,1.501746842
2019,1.064260998,1.15550286,0.045141478,am,1.109881929,1.0857326
2019,1.075128464,1.205612846,0.030591211,am,1.140370655,1.121366317
2019,1.064321565,1.180878417,0.022954818,am,1.122599991,1.109512816
2019,1.152097631,1.554907439,0.054136494,am,1.353502535,1.34963166
2019,1.462504231,2.373581533,0.136583689,am,1.918042882,1.622957037
2019,1.48486566,2.325264416,0.212548177,am,1.905065038,1.56597629
2019,1.150016674,1.446956905,0.005400645,am,1.29848679,1.258205153
2019,1.335656116,2.570960262,0.012556355,am,1.953308189,1.924866911
2019,1.331550072,2.496315535,0.011695814,am,1.913932804,1.874744019
2019,1.237551273,2.094046826,0.284052362,am,1.665799049,1.692088944
2019,1.272823944,2.275804198,0.343064799,am,1.774314071,1.787996061
2019,1.136973274,1.64568603,0.007282937,am,1.391329652,1.447427189
2019,1.15664876,1.620058577,0.01278274,am,1.388353668,1.400648696
2019,1.23195172,3.086682679,0.012496138,am,2.159317199,2.505522439
2019,1.19430024,2.353370628,0.012639439,am,1.773835434,1.970501679
2019,1.135221583,1.668416462,0.002052334,am,1.401819022,1.469683528
2019,1.208803002,1.713048249,0.004739771,am,1.460925626,1.417144271
2019,1.208803002,1.713048249,0.004739771,am,1.460925626,1.417144271
2019,1.49960503,2.596760338,0.197548221,am,2.048182684,1.73162952
2019,1.315130228,2.025576461,0.082554283,am,1.670353345,1.540209797
2019,1.272522236,1.887032922,0.09990106,am,1.579777579,1.482907622
2019,1.293331784,1.797207827,0.011573044,am,1.545269806,1.389595345
2019,1.293331784,1.797207827,0.011573044,am,1.545269806,1.389595345
2019,1.731185714,3.212619339,0.011547112,am,2.471902527,1.855733509
2019,1.731185714,3.212619339,0.011547112,am,2.471902527,1.855733509
2019,1.225441157,1.643007708,0.012075543,am,1.434224432,1.34074794
2019,1.731185714,3.212619339,0.011547112,am,2.471902527,1.855733509
2019,1.731185714,3.212619339,0.011547112,am,2.471902527,1.855733509
2019,1.475331695,2.755122375,0.010766357,am,2.115227035,1.867459626
2019,1.549299883,2.413334149,0.086178635,am,1.981317016,1.557693365
2019,1.644736891,2.840479063,0.11678926,am,2.242607977,1.727011219
2019,1.652823602,3.052983892,0.136898734,am,2.352903747,1.847132318
2019,1.272183531,1.81716425,0.044050126,am,1.544673891,1.428382152
2019,1.314189907,2.043073822,0.074554529,am,1.678631864,1.554626018
2019,1.239951414,1.73863087,0.047880671,am,1.489291142,1.40217661
2019,1.475331695,2.755122375,0.010766357,am,2.115227035,1.867459626
2019,1.27158105,1.738349265,0.04137032,am,1.504965157,1.367077046
2019,1.437736876,3.404134554,0.030865306,am,2.420935715,2.367703446
2019,1.504325749,2.630713981,0.237510028,am,2.067519865,1.748766172
2019,1.702002546,2.841235429,0.387412108,am,2.271618987,1.669348519
2019,1.531674569,2.533025521,0.117796878,am,2.032350045,1.65376221
2019,1.44441022,2.346395807,0.186209918,am,1.895403013,1.624466357
2019,1.354310224,2.378935359,0.108020252,am,1.866622791,1.756566049
2019,1.469518865,2.405719711,0.078552338,am,1.937619288,1.637079842
2019,1.737777845,2.816953343,0.153261661,am,2.277365594,1.621008894
2019,1.843980851,3.00042909,0.315533802,am,2.422204971,1.627147641
2019,1.181159736,1.702197125,0.003913816,am,1.441678431,1.44112356
2019,2.177575413,4.751280592,0.270420068,am,3.464428002,2.181913225
2019,1.181159736,1.702197125,0.003913816,am,1.441678431,1.44112356
2019,1.181159736,1.702197125,0.003913816,am,1.441678431,1.44112356
2019,1.503435515,2.349428745,0.162869203,am,1.92643213,1.562706695
2019,1.60592522,2.590980448,0.02859777,am,2.098452834,1.613387981
2019,1.623730559,3.085383283,0.026710879,am,2.354556921,1.900181816
2019,1.13830047,1.623641565,0.003297248,pm,1.380971018,1.426373446
2019,1.13830047,1.623641565,0.003297248,pm,1.380971018,1.426373446
2019,1.27493978,2.186920367,0.005487169,pm,1.730930073,1.715312677
2019,1.13830047,1.623641565,0.003297248,pm,1.380971018,1.426373446
2019,1.123883103,1.278789706,0.00294753,pm,1.201336404,1.137831598
2019,1.123883103,1.278789706,0.00294753,pm,1.201336404,1.137831598
2019,1.263468355,1.745334928,0.108015165,pm,1.504401641,1.381383967
2019,1.151148006,1.33703824,0.007460878,pm,1.244093123,1.16148248
2019,1.151148006,1.33703824,0.007460878,pm,1.244093123,1.16148248
2019,1.375616256,2.918520986,0.09721922,pm,2.147068621,2.121609841
2019,1.362395105,1.968601521,0.479046304,pm,1.665498313,1.444956396
2019,1.227608749,2.198090714,0.085485373,pm,1.712849731,1.790546634
2019,1.112706975,1.589800823,0.065136509,pm,1.351253899,1.428768633
2019,1.343755673,2.250186488,0.098097806,pm,1.796971081,1.674550316
2019,1.227608749,2.198090714,0.085485373,pm,1.712849731,1.790546634
2019,1.086290509,1.221417539,0.144076268,pm,1.153854024,1.124393088
2019,1.150306681,1.394726855,0.127557211,pm,1.272516768,1.212482617
2019,1.064409876,1.231806038,0.095085243,pm,1.148107957,1.157266637
2019,1.435056434,1.735098386,0.058641794,pm,1.58507741,1.209080246
2019,1.586811352,2.420701169,0.202061867,pm,2.00375626,1.525512888
2019,1.430806399,2.268627802,0.02526925,pm,1.8497171,1.585558888
2019,1.430806399,2.268627802,0.02526925,pm,1.8497171,1.585558888
2019,1.419767907,2.09607903,0.02458784,pm,1.757923469,1.476353296
2019,1.378491744,1.916495189,0.02590111,pm,1.647493467,1.390284126
2019,1.334453867,2.12909603,0.111769023,pm,1.731774949,1.59548118
2019,1.496007476,2.264776255,0.340466604,pm,1.880391866,1.513880305
2019,1.383986069,2.018954624,0.204898856,pm,1.701470346,1.458796927
2019,1.401700745,2.004411671,0.049693796,pm,1.703056208,1.42998545
2019,1.444534808,2.08344177,0.033888122,pm,1.763988289,1.442292535
2019,1.273791298,1.869445236,0.112363368,pm,1.571618267,1.467622866
2019,1.379290561,2.107753335,0.199572793,pm,1.743521948,1.528143087
2019,1.259712415,1.987559224,0.146747317,pm,1.62363582,1.577788074
2019,1.084027292,1.801850256,0.229964229,pm,1.442938774,1.662181635
2019,1.112467031,1.864815551,0.132350377,pm,1.488641291,1.676288374
2019,1.38441829,2.098814223,0.022612682,pm,1.741616256,1.516026073
2019,1.351096099,1.992138568,0.021747215,pm,1.671617333,1.474461047
2019,1.701137255,2.585767939,0.234844714,pm,2.143452597,1.520023109
2019,1.633420992,2.394895438,0.138443256,pm,2.014158215,1.466183825
2019,1.547609598,2.374772259,0.221382265,pm,1.961190928,1.534477599
2019,1.305848599,2.360371103,0.003742397,pm,1.833109851,1.807538106
2019,1.202253562,1.857350453,0.060400891,pm,1.529802008,1.544890788
2019,1.108908528,1.389821409,0.041958859,pm,1.249364968,1.253323764
2019,1.095667662,1.381642453,0.075419886,pm,1.238655058,1.261005049
2019,1.256904118,2.135588014,0.042859916,pm,1.696246066,1.69908586
2019,1.788812613,2.877201055,0.242323457,pm,2.333006834,1.608441842
2019,1.625391828,2.581721073,0.130304128,pm,2.103556451,1.588368434
2019,1.492559963,2.60736145,0.174833497,pm,2.049960707,1.746905661
2019,1.530611572,2.458543109,0.036517393,pm,1.99457734,1.606248871
2019,1.588312324,2.348600428,0.145421938,pm,1.968456376,1.478676701
2019,1.950038488,3.350949795,0.219883472,pm,2.650494142,1.718401875
2019,1.49777873,2.338555962,0.024657083,pm,1.918167346,1.561349427
2019,2.033234234,3.326852,0.248787931,pm,2.680043117,1.636236467
2019,1.453400542,2.336906834,0.169533573,pm,1.895153688,1.607889062
2019,1.599478326,2.577584067,0.173836786,pm,2.088531196,1.611515471
2019,1.512463261,2.250031743,0.03198246,pm,1.881247502,1.487660428
2019,1.41758356,2.054876057,0.104542761,pm,1.736229809,1.449562562
2019,1.634626747,2.560845108,0.057425212,pm,2.097735927,1.566623764
2019,1.408582744,2.126338466,0.370046166,pm,1.767460605,1.509558792
2019,3.888190955,5.908291457,0.371123835,pm,4.898241206,1.519547658
2019,2.06443931,3.328881639,0.143511013,pm,2.696660475,1.612487043
2019,2.295156512,3.405807412,0.159017425,pm,2.850481962,1.483910746
2019,1.289787227,2.014269758,0.203751295,pm,1.652028492,1.561707013
2019,1.21093818,1.59880052,0.079138551,pm,1.40486935,1.320299043
2019,1.366565157,2.087147862,0.03600205,pm,1.726856509,1.527294803
2019,1.248673179,1.729086224,0.01329964,pm,1.488879702,1.38473882
2019,1.090372868,1.248209404,0.015345169,pm,1.169291136,1.144754644
2019,1.67481372,3.517565227,0.289584878,pm,2.596189474,2.100272517
2019,1.512864384,3.315746224,0.27842472,pm,2.414305304,2.191700894
2019,1.628687158,2.906221685,0.245099669,pm,2.267454422,1.784395284
2019,1.490384899,2.583440431,0.130033424,pm,2.036912665,1.733404862
2019,1.612612672,2.979205282,0.057924862,pm,2.295908977,1.847440078
2019,1.600559198,3.009603648,0.156875379,pm,2.305081423,1.880345101
2019,1.384141144,2.310981218,0.034181738,pm,1.847561181,1.669613846
2019,1.95123295,2.650513778,0.019290406,pm,2.300873364,1.358378956
2019,2.844052404,3.443576001,0.025633289,pm,3.143814203,1.210799068
2019,2.844052404,3.443576001,0.025633289,pm,3.143814203,1.210799068
2019,2.844052404,3.443576001,0.025633289,pm,3.143814203,1.210799068
2019,1.683133732,2.666808329,0.019683244,pm,2.174971031,1.584430446
2019,1.782612304,2.891709465,0.10389911,pm,2.337160884,1.622175197
2019,1.591543206,2.388879234,0.017330198,pm,1.99021122,1.500982961
2019,1.510172609,2.602467387,0.027414674,pm,2.056319998,1.723291345
2019,1.650016508,2.577288858,0.039365765,pm,2.113652683,1.56197762
2019,1.619756519,3.061598366,0.02813429,pm,2.340677442,1.890159619
2019,1.366799702,2.178937761,0.016060983,pm,1.772868731,1.59418952
2019,1.291845736,1.724249329,0.012194768,pm,1.508047532,1.334717669
2019,1.366799702,2.178937761,0.016060983,pm,1.772868731,1.59418952
2019,1.379575117,2.11110965,0.01523621,pm,1.745342383,1.530260747
2019,1.322567492,1.802321847,0.012222664,pm,1.562444669,1.362744706
2019,1.260558181,1.65717661,0.012235504,pm,1.458867395,1.314637146
2019,1.759886981,2.852198003,0.075335303,pm,2.306042492,1.620671119
2019,1.437387312,2.306588417,0.29645654,pm,1.871987864,1.604709043
2019,1.291324085,2.116613897,0.035238196,pm,1.703968991,1.639103554
2019,1.375330862,2.467994603,0.04403897,pm,1.921662733,1.794473367
2019,1.509606253,2.66298612,0.007565646,pm,2.086296187,1.764026953
2019,1.509606253,2.66298612,0.007565646,pm,2.086296187,1.764026953
2019,1.312715605,2.093755036,0.008432452,pm,1.70323532,1.594979924
2019,1.826750021,3.073514851,1.348484331,pm,2.450132436,1.682504347
2019,1.541810403,2.996326886,1.182452661,pm,2.269068645,1.943382196
2019,1.556762436,1.674243095,0.242353483,pm,1.615502766,1.075464731
2019,1.170035029,1.337562763,0.031939868,pm,1.253798896,1.143181811
2019,1.053668209,1.138136153,0.015044761,pm,1.095902181,1.0801656
2019,1.28064412,1.764102437,0.085853523,pm,1.522373278,1.377511839
2019,1.061579996,1.170462349,0.015976686,pm,1.116021172,1.102566319
2019,1.725063789,2.873636982,1.258189723,pm,2.299350386,1.665814911
2019,1.621685411,3.520799145,2.275498309,pm,2.571242278,2.171074069
2019,1.093079807,1.272433278,0.00780675,pm,1.182756542,1.164080856
2019,1.360428275,2.611868316,1.511383435,pm,1.986148295,1.919886821
2019,1.140642412,1.432802474,0.007984244,pm,1.286722443,1.256136418
2019,1.311449691,1.823292229,0.151219142,pm,1.56737096,1.390287589
2019,1.065763753,1.15106375,0.045035314,pm,1.108413751,1.080036496
2019,1.074191481,1.209320035,0.030994767,pm,1.141755758,1.125795593
2019,1.061807676,1.16709734,0.023122186,pm,1.114452508,1.099160767
2019,1.054653786,1.128029123,0.04704209,pm,1.091341454,1.069572914
2019,1.406786724,2.18907676,0.14535809,pm,1.797931742,1.556082896
2019,1.439322789,2.43412615,0.121071836,pm,1.93672447,1.691160711
2019,1.418014757,2.173371545,0.006800488,pm,1.795693151,1.532686126
2019,1.288552079,2.142258133,0.011057433,pm,1.715405106,1.662531277
2019,1.252037872,1.917214159,0.009637109,pm,1.584626016,1.531274894
2019,1.526261506,2.795357222,0.339642632,pm,2.160809364,1.831506076
2019,1.447554861,2.709787781,0.388723893,pm,2.078671321,1.871975877
2019,1.12206215,1.481668588,0.00643974,pm,1.301865369,1.320487094
2019,1.144320234,1.565453206,0.011461772,pm,1.35488672,1.368020209
2019,1.162435309,1.598420539,0.006343521,pm,1.380427924,1.375061929
2019,1.153377772,1.581936872,0.008902647,pm,1.367657322,1.371568719
2019,1.118145273,1.450146137,0.001705477,pm,1.284145705,1.296921047
2019,1.223920268,1.774175364,0.004962495,pm,1.499047816,1.449584104
2019,1.223920268,1.774175364,0.004962495,pm,1.499047816,1.449584104
2019,1.688780052,3.21622589,0.216137289,pm,2.452502971,1.904467007
2019,1.335923812,2.066567133,0.093840004,pm,1.701245472,1.546919903
2019,1.368241193,2.123281203,0.122811742,pm,1.745761198,1.551832538
2019,1.261901171,1.672008297,0.011616624,pm,1.466954734,1.324991477
2019,1.261901171,1.672008297,0.011616624,pm,1.466954734,1.324991477
2019,1.770326532,3.023366093,0.009413508,pm,2.396846312,1.707801378
2019,1.770326532,3.023366093,0.009413508,pm,2.396846312,1.707801378
2019,1.201419942,1.523556667,0.011810895,pm,1.362488304,1.268129996
2019,1.770326532,3.023366093,0.009413508,pm,2.396846312,1.707801378
2019,1.770326532,3.023366093,0.009413508,pm,2.396846312,1.707801378
2019,1.61772424,2.75858777,0.010518958,pm,2.188156005,1.705227443
2019,1.629653758,2.499566153,0.075636151,pm,2.064609956,1.533801975
2019,1.671163306,2.837871275,0.104381951,pm,2.25451729,1.698141208
2019,1.69047305,2.948012879,0.107457933,pm,2.319242965,1.743898182
2019,1.268766,1.834328861,0.049045707,pm,1.551547431,1.445758211
2019,1.323229834,2.013544729,0.079607998,pm,1.668387281,1.521689337
2019,1.232252504,1.672068166,0.047975101,pm,1.452160335,1.356920079
2019,1.61772424,2.75858777,0.010518958,pm,2.188156005,1.705227443
2019,1.282405524,1.851610571,0.0428607,pm,1.567008048,1.443857295
2019,1.409163309,2.384709079,0.022343381,pm,1.896936194,1.692287234
2019,1.556217537,2.691126271,0.244222934,pm,2.123671904,1.729273837
2019,1.76315175,2.979654114,0.392310912,pm,2.371402932,1.68995897
2019,1.528193123,2.388578388,0.116781217,pm,1.958385756,1.563008204
2019,1.529612926,2.60242063,0.210309262,pm,2.066016778,1.701358943
2019,1.451948113,2.413911064,0.097635657,pm,1.932929589,1.662532594
2019,1.405366079,2.001151529,0.066272111,pm,1.703258804,1.423936126
2019,1.777754358,2.890609389,0.152644127,pm,2.334181874,1.625989201
2019,1.885584473,3.108180513,0.31168551,pm,2.496882493,1.64839102
2019,1.455342208,2.373311913,0.004938165,pm,1.914327061,1.630758662
2019,2.343637671,4.800862689,0.345137505,pm,3.57225018,2.048466258
2019,1.455342208,2.373311913,0.004938165,pm,1.914327061,1.630758662
2019,1.455342208,2.373311913,0.004938165,pm,1.914327061,1.630758662
2019,1.687976564,3.153031303,0.231937921,pm,2.420503934,1.867935474
2019,1.636469674,2.335289941,0.029258848,pm,1.985879808,1.427029157
2019,1.575549832,2.579098613,0.020243508,pm,2.077324222,1.63695147
2018,1.161707052,1.615862826,0.003415127,am,1.388784939,1.390938295
2018,1.161707052,1.615862826,0.003415127,am,1.388784939,1.390938295
2018,1.187479576,1.724375198,0.004480318,am,1.455927387,1.452130406
2018,1.161707052,1.615862826,0.003415127,am,1.388784939,1.390938295
2018,1.221632176,1.914348695,0.005103712,am,1.567990435,1.567041809
2018,1.234434869,1.88724462,0.006271578,am,1.560839745,1.528832884
2018,1.407543734,3.010015348,0.342758824,am,2.208779541,2.138487974
2018,1.407219551,2.30733434,0.013320159,am,1.857276946,1.639640621
2018,1.407219551,2.30733434,0.013320159,am,1.857276946,1.639640621
2018,1.538659794,3.129510309,0.134429137,am,2.334085052,2.033919598
2018,1.410283439,3.085826206,0.411327942,am,2.248054822,2.188089374
2018,1.390936647,2.613728009,0.105694864,am,2.002332328,1.879113628
2018,1.673322923,3.225577683,0.136874554,am,2.449450303,1.927648058
2018,1.613721035,4.088958308,0.198322975,am,2.851339672,2.533869373
2018,2.053373888,5.615316407,0.256733808,am,3.834345147,2.734678005
2018,1.084724411,1.25542224,0.094203753,am,1.170073325,1.157365159
2018,2.056718272,3.099053195,0.175312134,am,2.577885733,1.506795187
2018,2.110169142,3.420809269,0.196413081,am,2.765489205,1.62110667
2018,1.303219258,1.813176721,0.008764389,am,1.558197989,1.39130596
2018,1.450444458,2.259701053,0.028381958,am,1.855072756,1.557936976
2018,1.312439995,1.908928816,0.026181989,am,1.610684405,1.454488452
2018,1.312439995,1.908928816,0.026181989,am,1.610684405,1.454488452
2018,1.431461219,2.234919415,0.03538681,am,1.833190317,1.56128534
2018,1.48136377,2.336560371,0.134175158,am,1.90896207,1.577303576
2018,1.545249392,2.377939996,0.124013916,am,1.961594694,1.538871336
2018,1.29350151,1.982684602,0.034007965,am,1.638093056,1.532804242
2018,1.377692334,2.198923027,0.024040344,am,1.78830768,1.596091502
2018,1.372067244,2.067676182,0.083877356,am,1.719871713,1.506978752
2018,1.489593188,2.166666667,0.034163776,am,1.828129927,1.454535831
2018,1.620214943,2.278530004,0.159934033,am,1.949372473,1.406313411
2018,1.707780084,2.650039023,0.109985267,am,2.178909554,1.551744893
2018,1.535749198,2.102269687,0.156770684,am,1.819009443,1.368888677
2018,1.361298314,1.600079193,0.175562887,am,1.480688753,1.175406725
2018,1.435685973,1.929177321,0.11263942,am,1.682431647,1.343732095
2018,1.394638889,2.124337793,0.059428133,am,1.759488341,1.523217092
2018,1.480237989,2.029616634,0.039683657,am,1.754927311,1.371142106
2018,1.489414695,2.540473225,0.316372755,am,2.01494396,1.705685619
2018,1.502052173,2.202147781,0.151732511,am,1.852099977,1.466092737
2018,1.330295245,1.944393383,0.014694742,am,1.637344314,1.461625448
2018,1.402175112,1.973527368,0.146382985,am,1.68785124,1.407475679
2018,1.467467178,2.125577798,0.083007632,am,1.796522488,1.448467011
2018,1.461710779,2.144877274,0.198139073,am,1.803294027,1.467374603
2018,1.386339887,2.72501632,0.004557825,am,2.055678103,1.965619214
2018,1.395679183,2.673966554,0.084488248,am,2.034822868,1.915889114
2018,1.110456011,1.337139956,0.055619694,am,1.223797983,1.204135907
2018,1.528831237,2.488087147,1.089412688,am,2.008459192,1.62744395
2018,1.478965334,2.372826446,0.278028228,am,1.92589589,1.604382734
2018,1.371619976,2.121193666,0.129183536,am,1.746406821,1.546487879
2018,1.496864535,2.46919131,0.094733962,am,1.983027922,1.649575664
2018,1.542677013,2.657613967,0.032221314,am,2.10014549,1.722728702
2018,1.573193381,2.470514462,0.163515711,am,2.021853922,1.570381933
2018,1.458201876,2.396899259,0.224578845,am,1.927550567,1.643736233
2018,1.572830321,2.549155195,0.218048759,am,2.060992758,1.620743929
2018,1.520523559,2.386440209,0.109345002,am,1.953481884,1.569485849
2018,1.410869618,2.227481429,0.185407446,am,1.819175523,1.578800337
2018,1.604655431,2.767555977,0.276350843,am,2.186105704,1.72470421
2018,1.611944584,2.580425192,0.050694012,am,2.096184888,1.600815076
2018,1.412449983,2.041884384,0.163454705,am,1.727167184,1.445633055
2018,1.386471284,1.990569447,0.050908678,am,1.688520365,1.435709106
2018,1.316699988,1.836477708,0.0518853,am,1.576588848,1.394757899
2018,2.516176,4.292007871,0.16576197,am,3.404091936,1.705766159
2018,1.564437094,2.728374059,0.110901264,am,2.146405576,1.743997294
2018,1.702183912,2.986735957,0.219237142,am,2.344459934,1.754649387
2018,1.435249112,2.409749381,0.257601559,am,1.922499247,1.678976396
2018,1.332545965,2.135693151,0.044750984,am,1.734119558,1.602716309
2018,1.524230087,2.69894833,0.041458376,am,2.111589209,1.770696139
2018,1.516806162,2.51549165,0.020120308,am,2.016148906,1.658413391
2018,1.25544917,1.938430068,0.112854316,am,1.596939619,1.544013182
2018,1.533352687,3.024955807,0.404171388,am,2.279154247,1.972772365
2018,1.459817924,2.86182976,0.13615231,am,2.160823842,1.96040185
2018,1.56870615,2.718311148,0.187995856,am,2.143508649,1.732836419
2018,1.299377987,1.863418362,0.096148118,am,1.581398174,1.434084909
2018,1.664678519,2.924184388,0.062895655,am,2.294431454,1.756606068
2018,1.215566911,1.627778507,0.251566495,am,1.421672709,1.339110576
2018,1.256410794,1.822295289,0.046376455,am,1.539353042,1.450397671
2018,1.217186853,1.491269344,0.009990763,am,1.354228098,1.225177005
2018,1.041131877,1.202259251,0.009023938,am,1.121695564,1.154761733
2018,1.041131877,1.202259251,0.009023938,am,1.121695564,1.154761733
2018,1.297923691,1.88557374,0.014734262,am,1.591748716,1.452761633
2018,1.340974868,1.946158503,0.046882955,am,1.643566685,1.451301251
2018,1.566896074,2.248753223,0.032630458,am,1.907824648,1.435164247
2018,1.446954609,2.146490667,0.018765258,am,1.796722638,1.483454045
2018,1.336027974,1.887829595,0.028627187,am,1.611928785,1.413016517
2018,1.367211757,2.480411233,0.017114547,am,1.923811495,1.814211456
2018,1.653859378,2.943151428,0.021156184,am,2.298505403,1.779565704
2018,1.412047976,2.51127024,0.019513172,am,1.961659108,1.778459573
2018,1.466695785,2.359467133,0.017176,am,1.913081459,1.608695652
2018,1.324095951,1.977573986,0.015838965,am,1.650834969,1.493527704
2018,1.385432848,2.118994404,0.1157856,am,1.752213626,1.529481857
2018,1.313225294,1.800286469,0.181167204,am,1.556755882,1.370889273
2018,1.138709449,1.451807025,0.036422119,am,1.295258237,1.274958266
2018,1.705220536,2.606279757,0.006961485,am,2.155750147,1.528412133
2018,1.705220536,2.606279757,0.006961485,am,2.155750147,1.528412133
2018,1.305309369,2.064524439,0.008323676,am,1.684916904,1.581636115
2018,1.42442932,2.590127902,0.447168326,am,2.007278611,1.818361828
2018,1.351365666,2.338668467,0.145015616,am,1.845017066,1.730596333
2018,1.343200103,2.458599911,0.450218488,am,1.900900007,1.830404796
2018,2.435873371,4.17554934,0.115690548,am,3.305711356,1.714189822
2018,2.961949729,5.974586863,0.08296885,am,4.468268296,2.017112851
2018,1.69780293,3.110643381,0.084917108,am,2.404223155,1.832158095
2018,1.059790968,1.197650489,0.014062983,am,1.128720728,1.130081804
2018,1.562424242,3.126060606,0.378916437,am,2.344242424,2.000775795
2018,1.458679953,2.553590135,0.407044243,am,2.006135044,1.750617145
2018,1.188381486,1.91142985,0.010986223,am,1.549905668,1.608431192
2018,1.364872716,2.646012376,0.278394029,am,2.005442546,1.938651381
2018,1.322385062,2.63923133,0.013400395,am,1.980808196,1.995811513
2018,1.215314692,1.787878483,0.061815656,am,1.501596588,1.471123895
2018,1.070800283,1.201697588,0.043990121,am,1.136248936,1.122242502
2018,1.084277377,1.357806118,0.029592972,am,1.221041747,1.252268235
2018,1.076595226,1.307963745,0.022614366,am,1.192279485,1.214907621
2018,1.218515334,1.826117103,0.050199536,am,1.522316218,1.498641052
2018,1.408716465,2.26173643,0.125054538,am,1.835226447,1.605529917
2018,1.343903778,2.00037747,0.066982241,am,1.672140624,1.48848266
2018,1.172504367,1.575584942,0.005632729,am,1.374044655,1.343777461
2018,1.196005134,1.994804341,0.009829483,am,1.595404738,1.667889446
2018,1.23200126,2.070945651,0.009122308,am,1.651473455,1.680960659
2018,1.213613643,1.925331347,0.274699864,am,1.569472495,1.586445042
2018,1.122971496,1.464521928,0.006477944,am,1.293746712,1.304148799
2018,1.150384778,1.741524239,0.008117074,am,1.445954509,1.513862381
2018,1.174062695,1.721405053,0.014381842,am,1.447733874,1.466195171
2018,1.169650814,2.000948743,0.008270446,am,1.585299778,1.710723166
2018,1.171856754,1.861176898,0.011326144,am,1.516516826,1.588229015
2018,1.133192906,1.723322209,0.002119758,am,1.428257558,1.520766852
2018,1.244379412,1.817383284,0.004820641,am,1.530881348,1.460473604
2018,1.244379412,1.817383284,0.004820641,am,1.530881348,1.460473604
2018,1.469158617,2.542916011,0.181819312,am,2.006037314,1.730865531
2018,1.345399116,2.07115642,0.101556773,am,1.708277768,1.539436436
2018,1.303650615,2.092167444,0.613864988,am,1.69790903,1.60485288
2018,1.357396846,2.105789296,0.013150776,am,1.731593071,1.551343885
2018,1.357396846,2.105789296,0.013150776,am,1.731593071,1.551343885
2018,1.264483222,1.862371707,0.008467624,am,1.563427465,1.47283228
2018,1.279920191,1.984506591,0.013895216,am,1.632213391,1.550492449
2018,1.374949888,2.161405418,0.012378474,am,1.768177653,1.571988504
2018,1.799926956,2.891372425,0.096863041,am,2.34564969,1.606383201
2018,1.90076525,2.899530254,0.135195446,am,2.400147752,1.525454158
2018,1.573658588,2.724177451,0.1703547,am,2.148918019,1.731110847
2018,1.705069165,2.897589072,0.126546462,am,2.301329118,1.699396794
2018,1.183696108,1.567178623,0.034386217,am,1.375437366,1.323970411
2018,1.259428468,1.808786149,0.061924056,am,1.534107309,1.436196016
2018,1.233528696,1.727193712,0.038811755,am,1.480361204,1.400205538
2018,1.498172232,2.718276731,0.010932173,am,2.108224481,1.81439535
2018,1.253707901,1.756675851,0.041798249,am,1.505191876,1.401184319
2018,1.38719337,2.168396796,0.070255686,am,1.777795083,1.56315395
2018,1.649737079,2.436755821,0.05943199,am,2.04324645,1.477057073
2018,1.888852024,2.833112143,0.093998412,am,2.360982084,1.499912173
2018,1.653850745,3.162774596,0.201197719,am,2.408312671,1.912370028
2018,1.356013905,2.205507788,0.096321683,am,1.780760846,1.62646399
2018,1.430267787,2.685608672,0.144648049,am,2.057938229,1.877696397
2018,1.666634098,3.332667173,0.161130163,am,2.499650635,1.99963938
2018,1.714123266,2.418239709,0.054997492,am,2.066181487,1.410773517
2018,1.556220118,2.433928356,0.040712776,am,1.995074237,1.564000058
2018,1.252560761,2.129913284,0.004812581,am,1.691237023,1.700447076
2018,1.999367089,3.988006329,0.252405464,am,2.993686709,1.994634378
2018,1.252560761,2.129913284,0.004812581,am,1.691237023,1.700447076
2018,1.252560761,2.129913284,0.004812581,am,1.691237023,1.700447076
2018,1.32968178,1.87112904,0.068234366,am,1.60040541,1.407200631
2018,1.487455475,2.184218574,0.031967863,am,1.835837024,1.468426189
2018,1.400017302,2.11943151,0.015805164,am,1.759724406,1.513860941
2018,1.136588576,1.519448128,0.003130682,pm,1.328018352,1.336849727
2018,1.136588576,1.519448128,0.003130682,pm,1.328018352,1.336849727
2018,1.244976864,2.120051331,0.005466508,pm,1.682514097,1.702884119
2018,1.136588576,1.519448128,0.003130682,pm,1.328018352,1.336849727
2018,1.273888868,2.184657698,0.005598444,pm,1.729273283,1.714951558
2018,1.199508329,1.671722347,0.00532155,pm,1.435615338,1.39367298
2018,1.424252429,2.288260662,0.282018222,pm,1.856256546,1.606639817
2018,1.20660092,1.72040321,0.00939179,pm,1.463502065,1.425826204
2018,1.20660092,1.72040321,0.00939179,pm,1.463502065,1.425826204
2018,1.874137931,3.711263118,0.139102816,pm,2.792700525,1.98025079
2018,1.507404748,2.229562529,0.225330666,pm,1.868483638,1.479073575
2018,1.665183749,3.873430324,0.142845951,pm,2.769307037,2.326127868
2018,1.17452678,1.997945378,0.089829233,pm,1.586236079,1.701064133
2018,1.618655589,2.995810275,0.124821043,pm,2.307232932,1.850801552
2018,1.233699844,2.244394492,0.112634985,pm,1.739047168,1.819238694
2018,1.086980641,1.262861179,0.09252694,pm,1.17492091,1.161806505
2018,1.238211064,1.661701709,0.07456252,pm,1.449956386,1.34201814
2018,1.088784282,1.320561752,0.080834605,pm,1.204673017,1.21287731
2018,1.343647103,1.833312387,0.007680082,pm,1.588479745,1.364429978
2018,1.453886774,2.424468569,0.028937026,pm,1.939177671,1.667577291
2018,1.431795511,2.337269327,0.029143009,pm,1.884532419,1.632404424
2018,1.431795511,2.337269327,0.029143009,pm,1.884532419,1.632404424
2018,1.437878309,2.244386394,0.030617529,pm,1.841132351,1.560901489
2018,1.53242151,2.268079603,0.110416316,pm,1.900250557,1.480062494
2018,1.431470229,2.244018178,0.116902575,pm,1.837744203,1.567631748
2018,1.329939276,1.978676545,0.030550529,pm,1.654307911,1.487794654
2018,1.418693165,2.216840637,0.023143384,pm,1.817766901,1.562593443
2018,1.484918233,2.16593684,0.088072275,pm,1.825427536,1.458623641
2018,1.484121841,2.146791964,0.03478276,pm,1.815456902,1.44650655
2018,1.286849219,2.018405774,0.152857844,pm,1.652627497,1.568486615
2018,1.339100672,2.099725355,0.087933295,pm,1.719413014,1.568011576
2018,1.293023745,2.185648589,0.173317361,pm,1.739336167,1.690339097
2018,1.111164108,1.8339451,0.212315597,pm,1.472554604,1.650471867
2018,1.418509973,2.107540236,0.143288429,pm,1.763025105,1.485742276
2018,1.410380662,2.06128487,0.039154341,pm,1.735832766,1.461509595
2018,1.525177727,2.199243609,0.042697099,pm,1.862210668,1.441958907
2018,1.743440233,2.524781341,0.210310816,pm,2.134110787,1.448160535
2018,1.524395793,2.213336537,0.147326391,pm,1.868866165,1.451943483
2018,1.373813683,2.067048345,0.012512868,pm,1.720431014,1.504606025
2018,1.68193181,2.535129596,0.193700415,pm,2.108530703,1.507272519
2018,1.57273308,2.283366256,0.078958763,pm,1.928049668,1.451846016
2018,1.581602249,2.57915926,0.24820064,pm,2.080380755,1.63072559
2018,1.298007363,2.07627611,0.003439471,pm,1.687141736,1.599587313
2018,1.209716924,1.751872307,0.054172434,pm,1.480794616,1.448167148
2018,1.10421805,1.323354521,0.055852047,pm,1.213786286,1.198453985
2018,1.138261475,1.478173948,0.515968432,pm,1.308217712,1.298624245
2018,1.75782418,3.060895936,0.507540039,pm,2.409360058,1.741298118
2018,1.600203459,2.743641913,0.139554523,pm,2.171922686,1.714558169
2018,1.624576619,3.076727639,0.108340057,pm,2.350652129,1.893864286
2018,1.742874039,2.973743347,0.035171417,pm,2.358308693,1.706229642
2018,1.571802305,2.426388523,0.119769727,pm,1.999095414,1.543698285
2018,2.194672199,3.591178455,0.345153612,pm,2.892925327,1.636316556
2018,1.678357847,2.781939424,0.218625175,pm,2.230148636,1.65753652
2018,2.017826103,3.375516659,0.189816112,pm,2.696671381,1.672848148
2018,1.481959542,2.623737544,0.232189386,pm,2.052848543,1.770451533
2018,1.719317432,2.957335789,0.266072925,pm,2.338326611,1.720063866
2018,1.526397855,2.416508849,0.041888683,pm,1.971453352,1.583144815
2018,1.481820717,2.306302647,0.197510837,pm,1.894061682,1.556397897
2018,1.427292889,2.410044342,0.05959081,pm,1.918668616,1.688542248
2018,1.419088319,2.187284789,0.069437378,pm,1.803186554,1.54133098
2018,3.182383724,5.306564314,0.211127582,pm,4.244474019,1.667480974
2018,1.829436939,2.93641085,0.117414893,pm,2.382923894,1.605089953
2018,1.923305536,2.934658881,0.191639163,pm,2.428982208,1.525841228
2018,1.330100187,2.056952046,0.261074862,pm,1.693526116,1.546463993
2018,1.191491906,1.51199268,0.035512758,pm,1.351742293,1.268991147
2018,1.366959375,2.082572856,0.034461575,pm,1.724766115,1.523507497
2018,1.359978322,2.088168174,0.018087849,pm,1.724073248,1.535442249
2018,1.166585533,1.605491043,0.100464644,pm,1.386038288,1.376230887
2018,1.790007346,3.840418321,0.545554232,pm,2.815212833,2.145476291
2018,2.143358162,4.557065387,0.298329357,pm,3.350211774,2.126133405
2018,1.702762991,3.278515988,0.234628882,pm,2.490639489,1.925409469
2018,1.482852114,2.69757151,0.1303315,pm,2.090211812,1.819177708
2018,1.577695862,2.815248754,0.051907865,pm,2.196472308,1.784405235
2018,1.615122694,3.169479027,0.41643792,pm,2.39230086,1.962376629
2018,1.522466695,2.884757993,0.084386729,pm,2.203612344,1.894792184
2018,1.78489736,2.397617506,0.016001461,pm,2.091257433,1.343280325
2018,2.482324139,3.024710299,0.019746762,pm,2.753517219,1.218499329
2018,2.482324139,3.024710299,0.019746762,pm,2.753517219,1.218499329
2018,1.612030374,2.559958528,0.017401271,pm,2.085994451,1.58803368
2018,1.712481264,2.654871542,0.038381341,pm,2.183676403,1.550306913
2018,1.397162208,2.248858394,0.028042704,pm,1.823010301,1.609590054
2018,1.374986889,2.319515252,0.018032005,pm,1.847251071,1.686936269
2018,1.545317404,2.449253097,0.033374189,pm,1.99728525,1.584951474
2018,1.117174083,3.149960968,0.024589859,pm,2.133567525,2.819579345
2018,1.372475582,2.298127341,0.016876899,pm,1.835301461,1.67443951
2018,1.294850627,1.787684727,0.013268634,pm,1.541267677,1.380610774
2018,1.420973218,2.111090155,0.013272288,pm,1.766031686,1.485664985
2018,1.27387838,1.73425043,0.013555185,pm,1.504064405,1.361394036
2018,1.526833636,2.843684988,0.137065729,pm,2.185259312,1.862472061
2018,1.474478039,2.58912465,0.261376198,pm,2.031801344,1.755960131
2018,1.32829397,2.266895157,0.043078285,pm,1.797594563,1.706621583
2018,1.4900157,2.734136584,0.007990696,pm,2.112076142,1.834971661
2018,1.4900157,2.734136584,0.007990696,pm,2.112076142,1.834971661
2018,1.350438843,2.20603063,0.009046011,pm,1.778234736,1.633565742
2018,1.674624049,3.234371696,0.485724759,pm,2.454497872,1.931401677
2018,1.515642852,2.80402042,0.184522419,pm,2.159831636,1.850053538
2018,1.394710779,2.319636016,0.444660726,pm,1.857173397,1.663166336
2018,1.124840717,1.316754935,0.038002928,pm,1.220797826,1.170614572
2018,1.064688427,1.164332344,0.017274961,pm,1.114510386,1.093589744
2018,1.476465992,2.077419689,0.069159222,pm,1.776942841,1.4070217
2018,1.059595875,1.158307132,0.013989812,pm,1.108951504,1.093159345
2018,1.598837209,3.426744186,0.398458626,pm,2.512790698,2.143272727
2018,1.551342471,2.993874078,0.506918019,pm,2.272608274,1.929860192
2018,1.132173643,1.455443925,0.008741359,pm,1.293808784,1.285530656
2018,1.339915285,2.368630381,0.367364142,pm,1.854272833,1.76774637
2018,1.20956805,1.775506547,0.009144071,pm,1.492537298,1.467884793
2018,1.349845146,1.649717639,0.070005514,pm,1.499781392,1.222153255
2018,1.071869285,1.153607896,0.042502589,pm,1.112738591,1.076258003
2018,1.121958327,1.432436538,0.031180828,pm,1.277197432,1.276728827
2018,1.099480422,1.33405062,0.023503368,pm,1.216765521,1.213346408
2018,1.061261597,1.180801005,0.039453468,pm,1.121031301,1.112638965
2018,1.451526162,2.388953632,0.15570731,pm,1.920239897,1.645821959
2018,1.454111316,2.511944812,0.074721223,pm,1.983028064,1.727477659
2018,1.42906486,2.257815479,0.006777252,pm,1.843440169,1.579925127
2018,1.288172334,2.05075819,0.010164536,pm,1.669465262,1.591990556
2018,1.279662908,1.945331098,0.009334817,pm,1.612497003,1.520190266
2018,1.559444438,2.778358475,0.326684561,pm,2.168901457,1.781633515
2018,1.156117465,1.685819884,0.00737745,pm,1.420968674,1.458173529
2018,1.133047483,1.566469658,0.007337987,pm,1.34975857,1.382527813
2018,1.159192206,1.706195057,0.013239869,pm,1.432693632,1.471882789
2018,1.180826591,1.732560884,0.006871969,pm,1.456693737,1.46724413
2018,1.170009398,1.71937797,0.010055919,pm,1.444693684,1.469542016
2018,1.142503149,1.613804397,0.001894075,pm,1.378153773,1.412516366
2018,1.286885614,1.999523767,0.005280226,pm,1.64320469,1.553769616
2018,1.286885614,1.999523767,0.005280226,pm,1.64320469,1.553769616
2018,1.613341804,2.823516839,0.188016022,pm,2.218429322,1.750104555
2018,1.3798991,2.077777051,0.106774736,pm,1.728838075,1.505745638
2018,1.468879599,2.274161304,0.45051922,pm,1.871520451,1.548228531
2018,1.400290979,2.129258974,0.013395964,pm,1.764774976,1.520583226
2018,1.400290979,2.129258974,0.013395964,pm,1.764774976,1.520583226
2018,1.382863458,2.124434035,0.009246933,pm,1.753648746,1.536257266
2018,1.299515279,1.859573263,0.012826423,pm,1.579544271,1.430974528
2018,1.535723281,2.361444603,0.013217164,pm,1.948583942,1.537675851
2018,1.637363913,2.682646381,0.09600583,pm,2.160005147,1.638393493
2018,1.748763183,2.601175782,0.126610354,pm,2.174969482,1.487437412
2018,1.65569902,2.747172588,0.142059019,pm,2.201435804,1.659222211
2018,1.682113942,2.762718669,0.103819552,pm,2.222416305,1.642408757
2018,1.211808766,1.553645777,0.034280249,pm,1.382727272,1.282088248
2018,1.252978543,1.853843704,0.071860666,pm,1.553411124,1.479549442
2018,1.244119912,1.775173033,0.042187905,pm,1.509646472,1.426850431
2018,1.517851632,2.749571013,0.010356399,pm,2.133711322,1.811488656
2018,1.252877238,1.666082136,0.039014124,pm,1.459479687,1.329804777
2018,1.515714436,2.411797477,0.070292384,pm,1.963755956,1.591195161
2018,1.633874974,2.529792911,0.060945809,pm,2.081833942,1.548339347
2018,1.748391248,2.747425997,0.08839852,pm,2.247908623,1.571402282
2018,1.63260419,2.784136484,0.18343947,pm,2.208370337,1.705334643
2018,1.430541602,2.208935227,0.079802845,pm,1.819738414,1.544125122
2018,1.440323482,2.500276011,0.136689893,pm,1.970299746,1.735912829
2018,1.596845359,2.544941935,0.109826774,pm,2.070893647,1.593730991
2018,1.856947919,2.999772572,0.068223165,pm,2.428360246,1.615431721
2018,1.661623599,2.807050339,0.047964529,pm,2.234336969,1.689341882
2018,1.391642851,2.314612656,0.004817036,pm,1.853127753,1.663223186
2018,2.07446564,3.630429786,0.166877949,pm,2.852447713,1.750055396
2018,1.391642851,2.314612656,0.004817036,pm,1.853127753,1.663223186
2018,1.391642851,2.314612656,0.004817036,pm,1.853127753,1.663223186
2018,1.461391111,2.600729715,0.099237979,pm,2.031060413,1.779626068
2018,1.526446188,2.749949621,0.042339638,pm,2.138197905,1.801537219
2018,1.429312571,2.149971359,0.014277385,pm,1.789641965,1.504199573
